ds,yhat,yhat_lower,yhat_upper,is_forecast
2024-05-06,4743931883.007314,4663701014.205143,4827555570.450199,False
2024-05-07,4748486075.775092,4662872786.545031,4841229025.893148,False
2024-05-08,4760497769.029718,4670332210.413438,4852158686.443514,False
2024-05-09,4767071783.751922,4687348441.898444,4852125771.400261,False
2024-05-10,4767110756.134876,4679721473.287044,4857898181.103854,False
2024-05-13,4781921908.423625,4696138577.8981695,4867336161.449718,False
2024-05-14,4784618651.344978,4697960685.462498,4867199037.806936,False
2024-05-15,4794897535.948106,4712190068.380501,4876653830.951837,False
2024-05-16,4799866771.0285845,4717426593.985199,4886925731.055977,False
2024-05-17,4798429579.358167,4713748222.734778,4883337128.098267,False
2024-05-21,4811266458.940709,4721783480.339383,4901771938.84338,False
2024-05-22,4820665867.61648,4735393581.437197,4904946341.186611,False
2024-05-23,4824863628.338383,4741210992.511118,4913924540.586963,False
2024-05-24,4822761258.410246,4742093942.803326,4907112608.859094,False
2024-05-27,4832546134.766039,4750850872.260369,4918067972.2585535,False
2024-05-28,4834035196.2680235,4750896343.085518,4922836557.111565,False
2024-05-29,4843346397.392767,4760978170.005942,4934113921.136917,False
2024-05-30,4848294042.052456,4758215905.663872,4944670188.182919,False
2024-05-31,4847093704.182154,4762338813.597975,4939323017.401442,False
2024-06-03,4860633717.329515,4772607972.418564,4943750497.289222,False
2024-06-04,4863769042.132301,4783764909.08281,4944974064.628059,False
2024-06-05,4874943421.374467,4790326207.284166,4955611946.287305,False
2024-06-06,4881281310.252859,4801457761.3324175,4960667620.295492,False
2024-06-07,4881701911.186991,4794135308.273026,4962125117.564226,False
2024-06-10,4901479193.94882,4810900090.422419,4984686591.654262,False
2024-06-11,4907123937.286663,4826625866.945949,4987264767.707697,False
2024-06-12,4920995382.56168,4835963761.534487,5012065635.63761,False
2024-06-13,4930192932.68894,4848406068.906759,5013455110.775856,False
2024-06-14,4933605094.768288,4843208924.683047,5022528543.953456,False
2024-06-18,4971520653.169166,4877691406.717934,5047935884.542192,False
2024-06-19,4988413331.531777,4907388541.750278,5073718679.147946,False
2024-06-20,5000487860.440644,4914413612.337118,5087812541.755056,False
2024-06-21,5006578966.358848,4925851610.377424,5101233697.533808,False
2024-06-24,5042077896.415316,4951431486.709162,5127211046.071691,False
2024-06-25,5052218871.551519,4964357595.419769,5132015031.927249,False
2024-06-26,5070062026.633964,4985139866.366902,5155468730.418519,False
2024-06-27,5082621176.562612,5003492634.005692,5172037933.959819,False
2024-06-28,5088705939.094921,4999857478.453936,5171551133.79612,False
2024-07-01,5121099026.887774,5039479488.429013,5204261965.804935,False
2024-07-02,5129181346.846466,5048096573.489148,5213229942.532876,False
2024-07-03,5144477384.631477,5065330690.892056,5230727187.350751,False
2024-07-04,5154028198.890756,5066142172.170048,5238438508.074292,False
2024-07-05,5156678969.6433115,5071883348.1325865,5246018793.294882,False
2024-07-08,5176681357.293562,5088906906.605377,5268337148.4678955,False
2024-07-09,5180122153.919372,5096843680.021223,5259749788.106589,False
2024-07-10,5190624467.096634,5107027739.686562,5274069723.824054,False
2024-07-11,5195295333.923499,5109767114.266145,5279511733.845542,False
2024-07-12,5193046629.966481,5110383153.119258,5280509733.671027,False
2024-07-15,5198882583.150131,5108010162.143782,5280720718.392775,False
2024-07-16,5197979955.438449,5113165090.966206,5281534519.288739,False
2024-07-18,5205346041.446836,5118187124.758164,5290920383.5963545,False
2024-07-19,5199715314.502468,5113078398.531702,5287239428.596728,False
2024-07-22,5197821287.977287,5109845899.892978,5286552643.092845,False
2024-07-23,5195192110.000589,5107129087.205091,5283480421.404761,False
2024-07-24,5200330376.351015,5105692531.504203,5281790184.632831,False
2024-07-25,5200377699.304705,5118200592.922831,5283548598.05413,False
2024-07-26,5194266677.203912,5112112443.988471,5284374391.985793,False
2024-07-29,5193089759.886493,5114544227.949633,5281384361.201836,False
2024-07-30,5191314927.421377,5109695768.118026,5280208852.107926,False
2024-07-31,5197556299.284152,5110804230.5650015,5287832007.915759,False
2024-08-01,5198918290.767246,5121145700.126425,5284597665.073006,False
2024-08-02,5194296543.717652,5100382813.991785,5283530281.755106,False
2024-08-05,5198289034.170774,5111317201.927311,5286977368.097022,False
2024-08-06,5198369302.949992,5111522288.916861,5284436405.617798,False
2024-08-07,5206489712.635166,5122200232.417641,5293687714.61536,False
2024-08-08,5209735660.087707,5121014805.324432,5294770220.372296,False
2024-08-09,5206988169.467249,5124956154.782214,5302607442.485931,False
2024-08-12,5216463077.791878,5129286376.336044,5299678664.313154,False
2024-08-13,5218315845.40618,5131906612.613868,5295653579.157671,False
2024-08-14,5228185048.00119,5145829654.418099,5305870427.610716,False
2024-08-16,5232133750.05372,5149017262.6207485,5320174819.863169,False
2024-08-19,5246769449.256524,5157829132.505959,5332932519.385597,False
2024-08-20,5250361239.503259,5163304994.743051,5336020860.606197,False
2024-08-21,5261982740.141968,5175997759.345202,5346320061.954139,False
2024-08-22,5268722994.234664,5183773283.43926,5359021798.599596,False
2024-08-23,5269464360.408255,5186540708.559804,5352201489.799842,False
2024-08-26,5289330631.088796,5204655672.249913,5378484689.632859,False
2024-08-27,5294583933.74241,5204850562.015548,5380967468.688895,False
2024-08-28,5307789275.703075,5221464629.212587,5387043723.304991,False
2024-08-29,5316009526.816453,5233266433.098339,5405349021.202928,False
2024-08-30,5314282472.675535,5224185353.501033,5397650746.844534,False
2024-09-02,5325661906.293949,5237638905.727604,5407799049.274069,False
2024-09-03,5327632364.243413,5245891306.016345,5413703310.886726,False
2024-09-04,5337286460.282698,5256311108.601977,5418991461.254521,False
2024-09-05,5341667447.063264,5257139716.869675,5419959036.393382,False
2024-09-06,5339614854.749759,5249547033.907496,5424286546.654275,False
2024-09-09,5348141572.151287,5257507225.172294,5430471055.960631,False
2024-09-10,5348549695.100964,5262505341.306024,5434830772.154934,False
2024-09-11,5356360789.277966,5265411335.437203,5435998228.360061,False
2024-09-12,5358644174.410001,5271817986.413589,5438909228.352552,False
2024-09-13,5354272540.010928,5274407047.398056,5440713942.144357,False
2024-09-16,5354940011.983196,5271046102.687407,5441205452.904062,False
2024-09-17,5352595814.065588,5270905293.856106,5437136384.072808,False
2024-09-18,5357681679.326615,5280829844.162652,5452369845.274243,False
2024-09-19,5357325933.144524,5272389696.755286,5443544345.542223,False
2024-09-20,5350460320.970428,5265191925.329915,5431028036.28105,False
2024-09-23,5331938187.194345,5243445208.347013,5419886154.49574,False
2024-09-24,5323841395.133313,5237047746.708689,5407363640.232307,False
2024-09-25,5323565232.435009,5230838867.960054,5416995278.344477,False
2024-09-26,5318267791.851387,5235396468.85364,5410434690.496224,False
2024-09-27,5306901621.240578,5223762614.113236,5400378818.326578,False
2024-09-30,5290724189.245484,5206170919.876282,5369159992.889752,False
2024-10-01,5284280175.594693,5199935252.909154,5372152930.704413,False
2024-10-03,5283156659.113224,5204352289.63287,5363222901.2210655,False
2024-10-04,5274501080.069253,5192011547.352235,5355963826.397143,False
2024-10-07,5267721428.771986,5178189454.44252,5348462711.186313,False
2024-10-08,5264613355.896052,5184628464.322152,5350594811.180829,False
2024-10-09,5269705877.430961,5186204750.322035,5358315930.972366,False
2024-10-10,5270047740.185277,5181349205.608257,5358733913.488402,False
2024-10-11,5264475717.738741,5180202595.310298,5343460975.045617,False
2024-10-14,5265415770.512274,5183050488.788847,5352418107.432935,False
2024-10-15,5264200010.22556,5179340539.849469,5351785000.241797,False
2024-10-16,5270780738.15275,5184683923.926035,5357365229.300881,False
2024-10-17,5272183780.061031,5188946616.878002,5362318699.007063,False
2024-10-18,5267234215.128686,5179850414.652059,5355664533.550917,False
2024-10-21,5267466607.159374,5180276062.141922,5348449696.0494995,False
2024-10-22,5265232953.951048,5180724907.677798,5348368378.822574,False
2024-10-23,5270469771.650225,5185063718.26985,5356265222.713095,False
2024-10-24,5270256097.419755,5185389693.870572,5360572131.154882,False
2024-10-25,5263477980.8790245,5175119601.164601,5353870746.754676,False
2024-10-28,5257646801.004994,5168983297.480178,5340468564.49732,False
2024-10-29,5253445815.192952,5170439395.60258,5335757396.861295,False
2024-10-30,5256866650.913391,5171872582.660503,5347157028.638097,False
2024-10-31,5255059704.694524,5168203896.265756,5337269512.498467,False
2024-11-01,5246977601.919559,5157111073.908139,5332274736.617266,False
2024-11-04,5239529417.123798,5157916949.059579,5327327024.617044,False
2024-11-05,5235695441.834571,5154555936.797767,5317800294.162737,False
2024-11-06,5239980243.941625,5152186765.336106,5325927189.295044,False
2024-11-07,5239543078.438567,5153075767.813651,5326527438.3440695,False
2024-11-08,5233333220.414104,5148844397.602228,5313725497.595445,False
2024-11-11,5234303087.736361,5150917448.656456,5320059465.636724,False
2024-11-12,5234081433.300232,5148568452.06965,5314281784.417231,False
2024-11-13,5242292945.913562,5165752028.7966,5332800659.253503,False
2024-11-14,5246031154.418105,5159901344.006543,5327442177.417452,False
2024-11-18,5258482923.564603,5175118751.968517,5344599013.719238,False
2024-11-19,5262536744.019098,5178548657.251085,5350859986.065832,False
2024-11-21,5282319354.211684,5193439555.307417,5364576302.774541,False
2024-11-22,5283880241.534523,5199986837.91811,5364299792.188279,False
2024-11-25,5305773219.329723,5221522486.438515,5387450969.617241,False
2024-11-26,5311326987.151804,5230394258.85732,5399524139.6776495,False
2024-11-27,5324541534.352141,5240852985.597127,5413026131.689822,False
2024-11-28,5332428037.195472,5246188062.523249,5414850853.566164,False
2024-11-29,5333797954.115671,5246550454.28801,5420274650.8511095,False
2024-12-02,5351873519.891893,5270366674.235254,5434605198.530874,False
2024-12-03,5355169691.353375,5266571240.971908,5441230544.316,False
2024-12-04,5365701104.901281,5283163004.8983755,5452862012.869189,False
2024-12-05,5370527937.985177,5288585558.857708,5455386213.7517,False
2024-12-06,5368514636.676209,5287394611.294694,5453519085.810734,False
2024-12-09,5375059448.862024,5292469164.1927,5467207846.558893,False
2024-12-10,5374238887.288728,5289725490.8780155,5456240641.347875,False
2024-12-11,5380606368.805582,5300900379.729982,5466715854.679054,False
2024-12-12,5381270790.129835,5291739921.144342,5464009995.909508,False
2024-12-13,5375140751.59809,5287935119.394547,5458735463.621094,False
2024-12-16,5369969478.215988,5280327001.728158,5453663722.648959,False
2024-12-17,5365545353.3015375,5278825579.216114,5451890472.26284,False
2024-12-18,5368490307.019895,5283180604.0764065,5453926754.283919,False
2024-12-19,5365922655.878761,5287814156.316217,5449693150.296614,False
2024-12-20,5356755232.293754,5268678959.733401,5443733723.62028,False
2024-12-23,5343618251.4264555,5258561671.375953,5430777370.950454,False
2024-12-24,5336898012.902757,5253564415.846936,5417167627.1722145,False
2024-12-26,5333161748.082007,5247439551.113726,5415983321.489871,False
2024-12-27,5322155577.611925,5233851005.330535,5411485035.452418,False
2024-12-30,5304271865.479399,5217305963.028598,5387968385.476458,False
2024-12-31,5296209919.52775,5210855515.603505,5387054848.467705,False
2025-01-01,5295799438.704289,5215618672.886518,5380225179.523204,False
2025-01-02,5290151669.599753,5204564384.610008,5372069031.891986,False
2025-01-03,5278175706.985473,5192730242.171698,5365290921.778264,False
2025-01-06,5258262658.512133,5172318352.979132,5347794101.434303,False
2025-01-07,5249859416.812472,5165928747.576062,5334175233.864219,False
2025-01-08,5249297517.776111,5160282119.678297,5331753306.520398,False
2025-01-09,5243700673.29851,5149482136.235152,5329013613.675675,False
2025-01-10,5231988569.392041,5145445943.352648,5315451641.478376,False
2025-01-13,5214203676.94588,5130356759.486852,5296123762.520369,False
2025-01-14,5206953621.922313,5119339280.739114,5289531313.467103,False
2025-01-15,5207752852.559412,5122366804.82015,5291493430.110014,False
2025-01-16,5208544988.01212,5122947397.513199,5290900893.272881,False
2025-01-17,5203388904.33796,5118206483.584817,5290272669.292003,False
2025-01-20,5205944340.320592,5121711096.419001,5289335400.381703,False
2025-01-21,5205559552.154414,5114515899.321189,5289223724.528408,False
2025-01-22,5213184832.936018,5132295843.61779,5301389499.83955,False
2025-01-23,5215871966.973121,5129051424.941662,5298227053.982304,False
2025-01-24,5212460223.036378,5123638108.948722,5307476730.899723,False
2025-01-27,5218772126.414162,5133134540.162962,5300974237.132214,False
2025-01-28,5218964938.661046,5135349062.775283,5302522401.74056,False
2025-01-29,5226748752.696157,5149429670.774502,5304915088.319849,False
2025-01-30,5229134940.481839,5144635852.863731,5308656456.800098,False
2025-01-31,5224930004.101605,5144214551.863418,5309412303.719487,False
2025-02-01,5204673109.965884,5117553400.790803,5285964408.313012,False
2025-02-03,5225719039.750107,5141904231.156198,5313153624.874787,False
2025-02-04,5223011707.926135,5139885473.026779,5305924561.591797,False
2025-02-05,5227387856.450064,5138947982.487404,5309142049.158327,False
2025-02-06,5226689570.151809,5138073957.915945,5310424260.095136,False
2025-02-07,5218964361.428823,5130450796.076224,5299931808.377051,False
2025-02-10,5207145094.394432,5129229037.992711,5291299542.75632,False
2025-02-11,5199785624.292097,5113717628.098015,5287046334.449853,False
2025-02-12,5199418907.469562,5111776242.7540045,5280487306.699057,False
2025-02-13,5193174101.949785,5110642014.029028,5282366660.739639,False
2025-02-14,5179988844.233203,5095067102.095446,5268060610.582909,False
2025-02-17,5153198298.04591,5064379011.380814,5244692949.5144415,False
2025-02-18,5141598711.270565,5055013468.9704685,5228561759.002094,False
2025-02-19,5137492808.615863,5054376037.988439,5215215958.125295,False
2025-02-20,5128072850.123578,5044105655.118157,5207484361.522278,False
2025-02-21,5112329236.846091,5022075368.240059,5198499759.434458,False
2025-02-24,5081913687.282542,4996669253.502144,5166736310.222436,False
2025-02-25,5070507592.991695,4983335020.05784,5161683764.105214,False
2025-02-27,5059424299.908651,4972692661.500171,5138470371.629512,False
2025-02-28,5045868326.200881,4961505869.4399185,5131402244.979049,False
2025-03-03,5025269913.294537,4941152430.356511,5106631929.314748,False
2025-03-04,5017995513.651226,4936216853.475967,5104487485.867306,False
2025-03-05,5019207603.157747,4932707250.48972,5107509222.6878,False
2025-03-06,5015989256.615211,4927286564.995335,5098956101.252976,False
2025-03-07,5007207479.998344,4926442029.535719,5089061314.8186245,False
2025-03-10,5000854864.754214,4914318753.563885,5086567970.686015,False
2025-03-11,4998040502.146977,4910022643.896517,5080247916.467959,False
2025-03-12,5003452694.138285,4920761644.251929,5088949520.516391,False
2025-03-13,5004117841.007226,4919582853.002512,5093138420.533357,False
2025-03-17,5000591428.74468,4912711895.374937,5089654155.693185,False
2025-03-18,4999609154.9198265,4914857321.995446,5088641532.369716,False
2025-03-19,5006431467.24388,4919536699.413248,5092995816.332986,False
2025-03-20,5008107538.40588,4924999880.521947,5093742345.89782,False
2025-03-21,5003490774.644992,4919241596.823344,5096480262.414983,False
2025-03-24,5005416472.404274,4920809678.1229315,5090582711.443447,False
2025-03-25,5004100280.46185,4916628670.175016,5079729998.269882,False
2025-03-26,5010491891.621902,4919220478.532072,5105932080.485706,False
2025-03-27,5011704127.119445,4930528251.592885,5098421611.222672,False
2025-03-28,5006653214.602558,4922807477.724473,5088437062.129803,False
2025-04-01,5006957850.163349,4915452037.945501,5089746086.609767,False
2025-04-02,5013864145.696806,4928779256.851111,5101102775.815384,False
2025-04-03,5015893727.399755,4931091341.421518,5105331319.189326,False
2025-04-04,5011980177.945419,4927473801.37123,5098470268.744633,False
2025-04-07,5018721323.964427,4932968516.017873,5100838797.326873,False
2025-04-08,5020040210.504373,4936094673.727654,5107734253.984609,False
2025-04-09,5029605673.474074,4941189489.29974,5116324648.869718,False
2025-04-11,5033673714.731161,4949469000.26963,5122564164.121342,False
2025-04-15,5054795015.4111,4973050386.147142,5137848456.4948635,False
2025-04-16,5067547692.184196,4983121097.699881,5152260649.012074,False
2025-04-17,5075507991.040892,4990525313.24182,5160779622.909292,False
2025-04-21,5101008356.176144,5017385949.730482,5187838451.00208,False
2025-04-22,5107275888.5034,5027354144.2382145,5196005129.330277,False
2025-04-23,5121338242.464021,5041531542.743436,5203618366.115724,False
2025-04-24,5130230716.39903,5040286284.2791,5214331059.743548,False
2025-04-25,5132786956.369556,5043323875.625087,5222518370.359914,False
2025-04-28,5155691421.736983,5073307003.807872,5238034570.041042,False
2025-04-29,5161070603.531512,5073789912.890866,5246745010.992868,False
2025-04-30,5173940143.021476,5088257576.026307,5264182736.256329,False
2025-05-02,5182220840.282731,5097284275.716031,5264747720.046434,False
2025-05-05,5198973785.293552,5107633866.585495,5284905226.020639,False
2025-05-06,5202083541.553166,5113734274.118858,5280738227.273581,False
2025-05-07,5212636396.651014,5131612534.292472,5298986210.254108,False
2025-05-08,5217733765.772559,5130788765.17266,5306016718.903592,False
2025-05-09,5216275675.002721,5131037481.179567,5301189576.1528015,False
2025-05-12,5226458217.622807,5140441350.646581,5309359232.598675,False
2025-05-13,5227564561.742492,5139871083.469298,5310342810.636658,False
2025-05-14,5236229713.629846,5157360346.490435,5321861190.005291,False
2025-05-15,5238620847.850371,5152320345.575867,5325858206.759804,False
2025-05-16,5234583988.043234,5149645373.46311,5319608411.59054,False
2025-05-19,5237796135.711096,5149115555.085431,5321454215.732258,False
2025-05-20,5236825358.812522,5156829068.780758,5316260055.806574,False
2025-05-21,5243529680.371915,5158280223.945695,5333665772.133231,False
2025-05-22,5245013894.413969,5157511615.795077,5328010387.537761,False
2025-05-23,5240178783.083982,5153350231.810535,5328988732.691838,False
2025-05-26,5241636142.238361,5154183869.94305,5329883678.340009,False
2025-05-27,5240299548.593367,5152208128.547784,5327049196.702397,False
2025-05-28,5246756062.044453,5162957690.504506,5335480988.605077,False
2025-05-29,5248118902.724057,5160788458.310339,5335648467.869782,False
2025-05-30,5243299274.524154,5163315572.444287,5336037992.304927,False
2025-06-02,5245750240.162277,5159840317.725787,5330945617.669646,False
2025-06-03,5245106095.692167,5158886437.570727,5325752599.793345,False
2025-06-04,5252457925.904636,5164478725.104198,5337572628.667024,False
2025-06-05,5254930452.357997,5165175298.205432,5340324792.131207,False
2025-06-06,5248606656.776338,5157986387.268052,5340664226.342045,False
2025-06-09,5247928597.890379,5158705508.700288,5334604479.937775,False
2025-06-10,5246695392.9865465,5163915375.511246,5329266319.616113,False
2025-06-11,5253669064.858832,5170386410.001321,5333464259.733567,False
2025-06-12,5255956447.164812,5172662620.082129,5336045049.036326,False
2025-06-13,5252454324.495054,5173584143.535714,5338421931.772939,False
2025-06-16,5260937719.025547,5169061122.215983,5346208157.873909,False
2025-06-17,5262858290.179058,5180067625.853433,5350814798.171708,False
2025-06-18,5272958819.364224,5186081293.855249,5356715712.477307,False
2025-06-19,5278295133.830323,5195542896.852296,5358670126.738501,False
2025-06-20,5277711093.890578,5192842279.9212475,5360808485.646566,False
2025-06-23,5293628977.597663,5213834837.273156,5382956055.217944,False
2025-06-24,5297416053.415824,5214137100.484369,5384739877.100076,False
2025-06-25,5308998837.979435,5217347131.854032,5393324182.153021,False
2025-06-26,5315393021.406767,5223639962.884509,5399401131.470168,False
2025-06-27,5315408435.909272,5225815853.007452,5396764707.310675,False
2025-06-30,5330138647.2020035,5241760771.478415,5409370219.885782,False
2025-07-01,5332500791.80049,5242198208.172881,5421422894.728054,False
2025-07-02,5342148515.4499655,5253545717.540365,5429052888.026236,False
2025-07-03,5346113723.733075,5262964118.164758,5429742032.105257,False
2025-07-04,5343231332.258507,5262253626.382307,5424388903.994748,False
2025-07-07,5346834173.453878,5261174035.777701,5427779367.5523205,False
2025-07-08,5344834527.988282,5261373341.3962755,5428115150.019348,False
2025-07-09,5349888873.224947,5268698352.406668,5437607907.804787,False
2025-07-10,5349092279.954875,5266151108.866986,5435574023.830109,False
2025-07-11,5341345248.537027,5252868786.535939,5426125046.818621,False
2025-07-14,5330400674.82309,5243154305.388033,5418391337.005517,False
2025-07-15,5323781652.308364,5238549390.11702,5404895052.837926,False
2025-07-16,5324430665.815204,5243347450.24863,5410499852.92129,False
2025-07-17,5319495061.329356,5236791027.1380625,5403394137.065844,False
2025-07-18,5307921412.050043,5227013989.081146,5388157796.548066,False
2025-07-21,5287724093.321328,5202310318.397576,5367844585.396239,False
2025-07-22,5278841601.092071,5195196259.490652,5364802303.304646,False
2025-07-23,5277656510.584001,5188930851.916887,5366159517.233453,False
2025-07-24,5271315605.053143,5184983041.091119,5361874648.459314,False
2025-07-25,5258757421.223568,5175811054.561559,5342600533.941254,False
2025-07-28,5237952081.898105,5152350119.185903,5317731558.565045,False
2025-07-29,5229562008.778045,5143545839.173542,5308147672.496206,False
2025-07-30,5229163332.629072,5146867316.406285,5317360858.942769,False
2025-07-31,5223866816.601001,5132257066.184413,5304620780.813602,False
2025-08-01,5212573901.985183,5125684229.627858,5298088712.071297,False
2025-08-04,5196524362.330139,5110884711.532693,5285926755.670225,False
2025-08-05,5189926242.85434,5108591798.284196,5277610278.968255,False
2025-08-06,5191373205.989822,5103109052.641536,5269774802.436884,False
2025-08-07,5187951697.757007,5106347701.128378,5273857801.863661,False
2025-08-08,5178543053.415667,5089166522.050449,5268820931.365562,False
2025-08-11,5168066459.341873,5088553453.522899,5251314063.078248,False
2025-08-12,5163275334.516037,5078061230.828124,5254090695.522639,False
2025-08-13,5166501391.901125,5083144261.090879,5250452872.689455,False
2025-08-14,5164834139.505732,5081402510.008077,5251534930.864286,False
2025-08-18,5151838138.458709,5069200127.859735,5235447753.2765045,False
2025-08-19,5148771324.785153,5070573993.8818865,5228303957.753087,False
2025-08-20,5153733149.286481,5061524473.056434,5231366881.824903,False
2025-08-21,5153814933.826834,5063205071.918453,5237258658.860613,False
2025-08-22,5147902058.653836,5056995012.5709305,5234361825.946854,False
2025-08-25,5147871245.55173,5059940909.4087105,5233576275.343488,False
2025-08-26,5146530193.38662,5058938373.460161,5231530050.98501,False
2025-08-28,5154856553.870588,5072086052.274053,5249329020.786363,False
2025-08-29,5150452205.579247,5062558803.513357,5237022999.194891,False
2025-09-01,5154082607.41614,5072491716.538513,5237735613.1991825,False
2025-09-02,5153577315.539124,5068966476.687856,5239551303.941548,False
2025-09-03,5160813518.442471,5074770540.9157715,5246194723.196811,False
2025-09-04,5162835327.454057,5082227808.500771,5252125035.967456,False
2025-09-05,5158481848.33205,5073135718.445553,5241987331.187623,False
2025-09-08,5164270948.203758,5076193964.66454,5254693404.743578,False
2025-09-09,5163859636.080216,5078941705.756229,5252638706.828885,False
2025-09-10,5170886919.9040985,5084506690.111011,5256116943.62826,False
2025-09-11,5172413769.809363,5093420232.7696905,5254236644.983156,False
2025-09-12,5167303536.200006,5079130806.660669,5253282614.059598,False
2025-09-15,5165758860.063933,5085006619.05383,5249813626.498686,False
2025-09-16,5162641981.755129,5072715500.386343,5243191253.386989,False
2025-09-17,5166919249.843447,5078925593.675407,5249823989.437593,False
2025-09-18,5165708599.61288,5080911075.258279,5244918453.1442375,False
2025-09-19,5157932151.015179,5073663776.666626,5238663758.709945,False
2025-09-22,5149401641.881134,5067279460.837202,5237155961.564102,False
2025-09-23,5144477704.056559,5061173753.48121,5226168192.40446,False
2025-09-24,5147290082.3242855,5063244557.028144,5233324748.942899,False
2025-09-25,5144996369.38434,5057561468.777859,5224817991.390859,False
2025-09-26,5136550557.746491,5049422067.139166,5222842567.461864,False
2025-09-29,5128677231.444361,5048741632.820319,5212521196.4643545,False
2025-09-30,5124872343.218314,5043069051.821111,5208951726.650307,False
2025-10-01,5129233848.686454,5047028167.387055,5207996317.303088,False
2025-10-03,5122764370.078879,5035175197.6582155,5202739831.06802,False
2025-10-06,5123548034.419167,5036495686.288031,5205663051.113174,False
2025-10-07,5122998109.620775,5034334634.338827,5207226469.5047655,False
2025-10-08,5130688137.707882,5042081208.71349,5213960375.581665,False
2025-10-09,5133678058.964471,5049094660.791576,5223024075.478725,False
2025-10-10,5130814546.187424,5044378555.52227,5212550510.217935,False
2025-10-13,5140317151.886943,5054081800.557225,5230747214.9132395,False
2025-10-14,5142116430.266062,5059436166.365217,5227794265.360864,False
2025-10-15,5151794959.607509,5066169456.044629,5238898044.217373,False
2025-10-16,5156376688.802323,5064808843.37937,5235782922.919688,False
2025-10-17,5154682655.622211,5069215902.525745,5244290828.320626,False
2025-10-20,5165072092.838103,5074482263.97524,5247081695.294272,False
2025-10-21,5166321906.147062,5084511284.450247,5250478542.401691,False
2025-10-23,5178342733.895923,5098793405.051147,5260167315.453798,False
2025-10-24,5175073119.51837,5085249293.5805645,5257843500.579443,False
2025-10-27,5179637666.050303,5095275253.762209,5260255650.673063,False
2025-10-28,5178814001.440386,5094833889.750669,5267291811.578006,False
2025-10-29,5185548157.407185,5095806097.311603,5273383797.779962,False
2025-10-30,5186980539.600268,5100344748.038736,5274133293.358594,False
2025-10-31,5182055517.100011,5094347044.091573,5271307006.002873,False
2025-11-03,5183532711.020713,5100397140.849589,5274951893.555341,False
2025-11-04,5182485425.367805,5101621370.818991,5266550473.043272,False
2025-11-06,5191635950.587066,5108091862.007874,5275585400.142991,False
2025-11-07,5187954084.618226,5098725438.292052,5272543451.82867,False
2025-11-10,5196125571.136003,5114719641.461644,5279150529.681289,False
2025-11-11,5198217173.495326,5111089665.424518,5283383618.418746,False
2025-11-12,5208721218.249335,5122090540.263031,5290888019.683851,False
2025-11-13,5214746013.103589,5131868831.931214,5303919738.483217,False
2025-11-14,5215183882.943207,5132417710.464188,5297526775.353546,False
2025-11-17,5229479916.115489,5147561024.612579,5314641461.574119,False
2025-11-18,5233641018.9727545,5146968613.620905,5319156425.961219,False
2025-11-19,5246095643.4894285,5165826178.425489,5336706659.458949,False
2025-11-20,5253874599.1398945,5168446308.788063,5341490770.200087,False
2025-11-21,5255796644.278479,5175474771.45432,5345578581.540202,False
2025-11-24,5279381366.922458,5196222439.332363,5364749595.662026,False
2025-11-25,5285708485.739986,5204004236.577949,5374470792.94198,False
2025-11-26,5299799523.826589,5213292503.397789,5379909383.700011,False
2025-11-27,5308661926.166862,5219351465.177793,5399873837.774524,False
2025-11-28,5311101756.190601,5227766711.398752,5397628875.697688,False
2025-12-01,5332876386.929995,5248493342.343729,5414895830.39518,False
2025-12-02,5337538462.097345,5249489771.372602,5419023471.900513,False
2025-12-03,5349485346.260488,5270845950.66537,5434202655.196691,False
2025-12-04,5355766591.42389,5271971607.306128,5444170105.389734,False
2025-12-05,5355236049.803996,5273976478.341403,5439206914.859267,False
2025-12-08,5366298757.08449,5278339406.869679,5450777632.569161,False
2025-12-09,5366977141.261843,5282740525.076045,5459532666.403204,False
2025-12-10,5374827158.980819,5294117474.672011,5454008058.859909,False
2025-12-11,5376951543.781785,5284047970.766841,5459849395.003844,False
2025-12-12,5372253879.264555,5286725978.768484,5457254600.777493,False
2025-12-15,5371181293.392688,5284405840.791664,5455044246.097182,False
2025-12-16,5368051726.683159,5275588180.441671,5449602395.632123,False
2025-12-17,5372255049.588282,5285540707.537403,5457253020.136862,False
2025-12-18,5370910550.279595,5285793342.688872,5458329364.3558035,False
2025-12-19,5362932609.645041,5279094805.369385,5457728943.291982,False
2025-12-22,5353182642.474897,5265147060.28416,5437131013.308622,False
2025-12-23,5347538296.500015,5257083408.708648,5437665623.71973,False
2025-12-24,5349403031.73372,5258325100.220578,5433598888.255706,False
2025-12-26,5335890184.963486,5252955841.138724,5415317542.91354,False
2025-12-29,5320917070.984201,5233300991.236978,5409221798.460265,False
2025-12-30,5313782818.843687,5227098001.177246,5396808617.102222,False
2025-12-31,5314276291.697913,5227958206.66182,5397147313.512751,False
2026-01-01,5309506541.068507,5226590151.238592,5394223855.31158,False
2026-01-02,5298380143.7190895,5207795910.160443,5381750063.768264,False
2026-01-05,5280818045.347176,5198805516.191501,5361404367.913916,False
2026-01-06,5273124057.3954935,5193645294.562153,5360590023.09629,False
2026-01-07,5273230845.097301,5192611932.618064,5363049369.15602,False
2026-01-08,5268260985.248285,5180535835.563779,5348561832.032225,False
2026-01-09,5257133844.967405,5172756826.339325,5339227102.118242,False
2026-01-12,5240863491.775603,5156950800.123133,5332967549.276015,False
2026-01-13,5234047727.375398,5149396504.20761,5320099753.068619,False
2026-01-14,5235253738.575834,5144519264.555076,5318420488.7556715,False
2026-01-15,5231594399.40873,5141070742.067779,5312532937.964971,False
2026-01-16,5221973345.516721,5137967166.243664,5303525271.065238,False
2026-01-19,5211142744.055445,5124786212.352828,5296929369.447954,False
2026-01-20,5206332392.768773,5122047610.939092,5289000405.503112,False
2026-01-21,5209568108.9295,5122421479.375284,5293615688.032309,False
2026-01-22,5207912441.064867,5123855057.294723,5292579697.75111,False
2026-01-23,5200215111.955517,5110392174.462932,5279009843.080823,False
2026-01-27,5190332315.692105,5097770631.615295,5273271768.718201,False
2026-01-28,5194243311.291435,5113323494.874868,5278107301.477236,False
2026-01-29,5192855003.033545,5109860399.696898,5274760190.888294,False
2026-01-30,5184974989.19758,5103293141.456278,5278613571.3052635,False
2026-02-02,5175314916.321727,5086162533.598869,5262031558.224783,False
2026-02-03,5169299154.216564,5087173917.05518,5253063877.758389,False
2026-02-04,5170440287.913397,5091718132.646341,5256142409.285196,False
2026-02-05,5165768796.047672,5079689226.82667,5245606949.365113,False
2026-02-06,5154119746.968525,5070025891.434066,5237739631.269017,False
2026-02-09,5130677130.3793745,5045351149.756738,5217382899.456989,False
2026-02-10,5119438890.092598,5038796321.396517,5200963727.894009,False
2026-02-11,5115163388.994084,5030967503.221504,5202252172.308254,False
2026-02-12,5104963231.061186,5018518720.21331,5190650201.790971,False
2026-02-13,5087760117.976989,5004926671.785922,5170361075.904265,False
2026-02-16,5048398290.24638,4968685832.833389,5131760355.576834,False
2026-02-17,5032395919.4157295,4943994490.512665,5118546081.34702,False
2026-02-18,5023766006.562921,4942321582.004355,5112368175.029624,False
2026-02-19,5009695140.305985,4917893321.781185,5091611852.937164,False
2026-02-20,4989170493.133138,4902941600.806017,5075078502.46907,False
2026-02-23,4943636512.511026,4856279117.313268,5029602802.84277,False
2026-02-24,4926946677.604956,4847911385.68702,5014299633.012465,False
2026-02-25,4918334636.714645,4828631100.775472,4997612959.157463,False
2026-02-26,4904979054.332389,4818879511.363268,4992249705.229701,False
2026-02-27,4885845907.411104,4798312334.549308,4972663926.2746935,False
2026-03-02,4848146060.248499,4754551398.02177,4932461935.132575,False
2026-03-04,4830532106.489445,4746791123.214948,4910690933.120419,False
2026-03-05,4821540652.422027,4735741639.869212,4907595279.164428,False
2026-03-06,4807007773.722136,4722740432.057728,4888303325.986673,False
2026-03-09,4783665107.029505,4700270320.437142,4873231843.276245,False
2026-03-10,4775310817.805106,4696403193.341133,4856198930.456944,False
2026-03-11,4775257825.728932,4693194454.916805,4857941723.6930895,False
2026-03-12,4770537146.297653,4682793487.877735,4852686138.152087,False
2026-03-13,4759971685.678366,4671652686.765661,4843822661.942859,False
2026-03-16,4746275106.689964,4659897537.898343,4819864100.117782,False
2026-03-17,4740295588.379469,4652635611.808621,4829986912.044573,False
2026-03-18,4742182463.531606,4653938630.946866,4832098206.084037,False
2026-03-19,4738975677.636875,4656481121.455384,4826112254.310281,False
2026-03-20,4729518235.565455,4638699717.283801,4816323583.242173,False
2026-03-23,4717059938.870747,4631979168.882425,4805671779.509195,False
2026-03-24,4710955388.155016,4625831554.188256,4796179170.294289,False
2026-03-25,4712542415.1626425,4621228376.230308,4798972313.944075,False
2026-03-27,4699004217.501215,4615359150.711874,4785019945.497259,False
2026-03-30,4685486875.452296,4606254897.731603,4767956442.081568,False
2026-04-01,4681089459.71497,4599070300.165108,4765531129.195795,False
2026-04-02,4677913054.921207,4594051093.401078,4760361211.2657,False
2026-04-06,4659365338.060596,4577818862.368125,4742212336.994926,False
2026-04-07,4655232892.700603,4575240846.53776,4741311348.455645,False
2026-04-08,4659320609.507638,4571802212.234139,4750409842.499884,False
2026-04-09,4658740848.913293,4568273494.580918,4747415559.4433365,False
2026-04-10,4652393932.198482,4567271052.658453,4742565905.056209,False
2026-04-13,4652488958.501444,4566121517.024622,4734076326.723775,False
2026-04-15,4659036603.75622,4580981470.640734,4742433130.01223,False
2026-04-16,4661671045.800856,4573799817.239541,4748761604.091297,False
2026-04-17,4658410196.373745,4569568741.079484,4747110888.14982,False
2026-04-20,4666496468.666834,4579449159.66524,4755164275.116875,False
2026-04-21,4667768566.148692,4576970001.848485,4753431999.891829,False
2026-04-22,4676906222.053444,4593526970.745432,4762098007.459155,False
2026-04-23,4680942986.561089,4596718850.065367,4769802948.277685,False
2026-04-24,4678709482.782007,4592216146.624729,4769451779.030167,False
2026-04-27,4687594029.519361,4608184872.0325775,4772227029.198798,False
2026-04-28,4688396597.170822,4610767894.714835,4774873899.312846,False
2026-04-29,4696726522.731765,4610048709.499324,4786349108.997266,False
2026-04-30,4699643747.69338,4612432652.368956,4788050381.297511,False
2026-05-01,4696009832.199619,4617589821.849468,4784075519.110295,False
2026-05-04,4699364594.474634,4623007237.5459795,4782776898.775049,False
2026-05-05,4698008481.376556,4617512791.587254,4784406593.569071,False
2026-05-06,4704086436.445222,4616817504.55024,4793409798.081177,False
2026-05-07,4704695480.130911,4622213100.616065,4790880905.496286,True
2026-05-08,4698732032.894154,4617031943.691622,4791598516.570625,True
2026-05-09,4676827155.85911,4591731099.163949,4764295691.857356,True
2026-05-10,4691648994.642492,4610029431.159705,4777164034.5147505,True
2026-05-11,4695272087.028207,4610897516.523109,4780904334.499726,True
2026-05-12,4691784395.175436,4604682673.676032,4773349756.115819,True
2026-05-13,4695831633.998475,4606262313.773422,4775735538.456084,True
2026-05-14,4694523193.425397,4611301419.347518,4785924120.432201,True
2026-05-15,4686763997.632443,4601203320.161728,4775126111.013673,True
2026-05-16,4663190090.886773,4578308982.312277,4755991451.52715,True
2026-05-17,4676471537.609344,4583665559.605593,4758266832.794862,True
2026-05-18,4678682275.660146,4590614603.255005,4770832535.26651,True
2026-05-19,4673907759.172208,4590747070.440817,4764322046.412515,True
2026-05-20,4676789936.367536,4593611576.393787,4761644895.264641,True
2026-05-21,4674433832.914495,4586333189.689339,4763050247.732384,True
2026-05-22,4665740056.755336,4580209411.841606,4747493749.267878,True
2026-05-23,4641340987.768715,4551969380.084982,4726369654.060567,True
2026-05-24,4653904215.394057,4561801489.60017,4743335719.519016,True
2026-05-25,4655502841.33938,4562433619.513807,4744410518.995679,True
2026-05-26,4650223465.152768,4559091189.797086,4732512758.684281,True
2026-05-27,4652711383.505827,4563796324.824733,4735262231.609805,True
2026-05-28,4650077263.608963,4561554554.589115,4737501773.929256,True
2026-05-29,4641229601.341672,4553235666.915699,4734514608.478018,True
2026-05-30,4616810727.101595,4532687674.704024,4709091145.362139,True
2026-05-31,4629499927.142112,4535964002.375714,4718121066.708927,True
2026-06-01,4631383307.037587,4534604481.427315,4715049954.061116,True
2026-06-02,4626561229.149104,4524728463.9029665,4716109742.649932,True
2026-06-03,4629692873.163498,4534515937.622013,4717540502.285853,True
2026-06-04,4627902201.90204,4534013610.427973,4725091182.227202,True
2026-06-05,4620109667.6163435,4525377153.920686,4719796129.002759,True
