date,close,ticker
2024-05-06,741.0520629882812,HDFCBANK.NS
2024-05-07,733.021728515625,HDFCBANK.NS
2024-05-08,721.5845947265625,HDFCBANK.NS
2024-05-09,704.4776000976562,HDFCBANK.NS
2024-05-10,709.3616333007812,HDFCBANK.NS
2024-05-13,717.9208984375,HDFCBANK.NS
2024-05-14,720.7328491210938,HDFCBANK.NS
2024-05-15,709.6575317382812,HDFCBANK.NS
2024-05-16,720.3875122070312,HDFCBANK.NS
2024-05-17,722.286865234375,HDFCBANK.NS
2024-05-21,719.6722412109375,HDFCBANK.NS
2024-05-22,719.8695678710938,HDFCBANK.NS
2024-05-23,736.3468017578125,HDFCBANK.NS
2024-05-24,748.4827270507812,HDFCBANK.NS
2024-05-27,753.6627807617188,HDFCBANK.NS
2024-05-28,755.0441284179688,HDFCBANK.NS
2024-05-29,744.0921630859375,HDFCBANK.NS
2024-05-30,747.3234252929688,HDFCBANK.NS
2024-05-31,755.5620727539062,HDFCBANK.NS
2024-06-03,775.6160278320312,HDFCBANK.NS
2024-06-04,731.684814453125,HDFCBANK.NS
2024-06-05,765.5520629882812,HDFCBANK.NS
2024-06-06,769.4493408203125,HDFCBANK.NS
2024-06-07,776.183349609375,HDFCBANK.NS
2024-06-10,770.2387084960938,HDFCBANK.NS
2024-06-11,771.9653930664062,HDFCBANK.NS
2024-06-12,776.5780029296875,HDFCBANK.NS
2024-06-13,779.8340454101562,HDFCBANK.NS
2024-06-14,787.80126953125,HDFCBANK.NS
2024-06-18,793.1786499023438,HDFCBANK.NS
2024-06-19,817.869873046875,HDFCBANK.NS
2024-06-20,823.5431518554688,HDFCBANK.NS
2024-06-21,821.7671508789062,HDFCBANK.NS
2024-06-24,825.0478515625,HDFCBANK.NS
2024-06-25,844.2631225585938,HDFCBANK.NS
2024-06-26,839.40380859375,HDFCBANK.NS
2024-06-27,836.7644653320312,HDFCBANK.NS
2024-06-28,830.6718139648438,HDFCBANK.NS
2024-07-01,841.2291259765625,HDFCBANK.NS
2024-07-02,853.7597045898438,HDFCBANK.NS
2024-07-03,872.5310668945312,HDFCBANK.NS
2024-07-04,852.0578002929688,HDFCBANK.NS
2024-07-05,813.0598754882812,HDFCBANK.NS
2024-07-08,806.7698974609375,HDFCBANK.NS
2024-07-09,807.3372192382812,HDFCBANK.NS
2024-07-10,802.2066040039062,HDFCBANK.NS
2024-07-11,800.1345825195312,HDFCBANK.NS
2024-07-12,800.5292358398438,HDFCBANK.NS
2024-07-15,800.2332763671875,HDFCBANK.NS
2024-07-16,799.073974609375,HDFCBANK.NS
2024-07-18,796.6319580078125,HDFCBANK.NS
2024-07-19,792.9320068359375,HDFCBANK.NS
2024-07-22,810.3218994140625,HDFCBANK.NS
2024-07-23,798.407958984375,HDFCBANK.NS
2024-07-24,791.3286743164062,HDFCBANK.NS
2024-07-25,797.5199584960938,HDFCBANK.NS
2024-07-26,798.2846069335938,HDFCBANK.NS
2024-07-29,791.822021484375,HDFCBANK.NS
2024-07-30,797.001953125,HDFCBANK.NS
2024-07-31,797.1005859375,HDFCBANK.NS
2024-08-01,808.471923828125,HDFCBANK.NS
2024-08-02,818.5111694335938,HDFCBANK.NS
2024-08-05,797.1005859375,HDFCBANK.NS
2024-08-06,789.922607421875,HDFCBANK.NS
2024-08-07,800.9238891601562,HDFCBANK.NS
2024-08-08,810.3958740234375,HDFCBANK.NS
2024-08-09,814.0958251953125,HDFCBANK.NS
2024-08-12,818.9798583984375,HDFCBANK.NS
2024-08-13,790.9092407226562,HDFCBANK.NS
2024-08-14,793.1786499023438,HDFCBANK.NS
2024-08-16,805.1666259765625,HDFCBANK.NS
2024-08-19,804.895263671875,HDFCBANK.NS
2024-08-20,807.9292602539062,HDFCBANK.NS
2024-08-21,802.0586547851562,HDFCBANK.NS
2024-08-22,804.77197265625,HDFCBANK.NS
2024-08-23,801.6885986328125,HDFCBANK.NS
2024-08-26,809.0392456054688,HDFCBANK.NS
2024-08-27,807.9539184570312,HDFCBANK.NS
2024-08-28,807.6332397460938,HDFCBANK.NS
2024-08-29,808.3485717773438,HDFCBANK.NS
2024-08-30,807.5346069335938,HDFCBANK.NS
2024-09-02,802.6258544921875,HDFCBANK.NS
2024-09-03,807.756591796875,HDFCBANK.NS
2024-09-04,809.951904296875,HDFCBANK.NS
2024-09-05,811.7525024414062,HDFCBANK.NS
2024-09-06,807.5592041015625,HDFCBANK.NS
2024-09-09,812.2705688476562,HDFCBANK.NS
2024-09-10,814.1698608398438,HDFCBANK.NS
2024-09-11,810.9879150390625,HDFCBANK.NS
2024-09-12,822.1865234375,HDFCBANK.NS
2024-09-13,821.8658447265625,HDFCBANK.NS
2024-09-16,824.3324584960938,HDFCBANK.NS
2024-09-17,823.2718505859375,HDFCBANK.NS
2024-09-18,836.0984497070312,HDFCBANK.NS
2024-09-19,842.8571166992188,HDFCBANK.NS
2024-09-20,858.989013671875,HDFCBANK.NS
2024-09-23,868.1651000976562,HDFCBANK.NS
2024-09-24,872.2350463867188,HDFCBANK.NS
2024-09-25,877.686279296875,HDFCBANK.NS
2024-09-26,879.8323364257812,HDFCBANK.NS
2024-09-27,864.6376953125,HDFCBANK.NS
2024-09-30,854.47509765625,HDFCBANK.NS
2024-10-01,851.5890502929688,HDFCBANK.NS
2024-10-03,829.7838134765625,HDFCBANK.NS
2024-10-04,817.771240234375,HDFCBANK.NS
2024-10-07,798.1119384765625,HDFCBANK.NS
2024-10-08,814.5152587890625,HDFCBANK.NS
2024-10-09,805.6845703125,HDFCBANK.NS
2024-10-10,820.114501953125,HDFCBANK.NS
2024-10-11,814.4905395507812,HDFCBANK.NS
2024-10-14,832.7931518554688,HDFCBANK.NS
2024-10-15,830.81982421875,HDFCBANK.NS
2024-10-16,838.565185546875,HDFCBANK.NS
2024-10-17,825.4178466796875,HDFCBANK.NS
2024-10-18,829.7098388671875,HDFCBANK.NS
2024-10-21,852.8223876953125,HDFCBANK.NS
2024-10-22,845.841796875,HDFCBANK.NS
2024-10-23,856.3251342773438,HDFCBANK.NS
2024-10-24,863.15771484375,HDFCBANK.NS
2024-10-25,860.0744018554688,HDFCBANK.NS
2024-10-28,855.5357055664062,HDFCBANK.NS
2024-10-29,864.2430419921875,HDFCBANK.NS
2024-10-30,855.7330322265625,HDFCBANK.NS
2024-10-31,856.2757568359375,HDFCBANK.NS
2024-11-01,857.0650634765625,HDFCBANK.NS
2024-11-04,845.6197509765625,HDFCBANK.NS
2024-11-05,867.2030029296875,HDFCBANK.NS
2024-11-06,865.9203491210938,HDFCBANK.NS
2024-11-07,861.62841796875,HDFCBANK.NS
2024-11-08,865.525634765625,HDFCBANK.NS
2024-11-11,871.3717041015625,HDFCBANK.NS
2024-11-12,847.6424560546875,HDFCBANK.NS
2024-11-13,829.463134765625,HDFCBANK.NS
2024-11-14,835.087158203125,HDFCBANK.NS
2024-11-18,841.1797485351562,HDFCBANK.NS
2024-11-19,859.507080078125,HDFCBANK.NS
2024-11-21,858.989013671875,HDFCBANK.NS
2024-11-22,861.15966796875,HDFCBANK.NS
2024-11-25,880.8929443359375,HDFCBANK.NS
2024-11-26,880.8683471679688,HDFCBANK.NS
2024-11-27,894.06494140625,HDFCBANK.NS
2024-11-28,884.6176147460938,HDFCBANK.NS
2024-11-29,886.04833984375,HDFCBANK.NS
2024-12-02,890.3156127929688,HDFCBANK.NS
2024-12-03,900.9715576171875,HDFCBANK.NS
2024-12-04,917.6461791992188,HDFCBANK.NS
2024-12-05,920.4335327148438,HDFCBANK.NS
2024-12-06,915.5494995117188,HDFCBANK.NS
2024-12-09,922.5302124023438,HDFCBANK.NS
2024-12-10,921.5928344726562,HDFCBANK.NS
2024-12-11,919.1261596679688,HDFCBANK.NS
2024-12-12,917.2268676757812,HDFCBANK.NS
2024-12-13,923.3934936523438,HDFCBANK.NS
2024-12-16,920.1621704101562,HDFCBANK.NS
2024-12-17,904.4002685546875,HDFCBANK.NS
2024-12-18,893.275634765625,HDFCBANK.NS
2024-12-19,884.790283203125,HDFCBANK.NS
2024-12-20,873.93701171875,HDFCBANK.NS
2024-12-23,888.4902954101562,HDFCBANK.NS
2024-12-24,887.0596313476562,HDFCBANK.NS
2024-12-26,883.4336547851562,HDFCBANK.NS
2024-12-27,887.1336669921875,HDFCBANK.NS
2024-12-30,877.0943603515625,HDFCBANK.NS
2024-12-31,874.6029663085938,HDFCBANK.NS
2025-01-01,879.4869995117188,HDFCBANK.NS
2025-01-02,884.9136352539062,HDFCBANK.NS
2025-01-03,862.9356689453125,HDFCBANK.NS
2025-01-06,843.84375,HDFCBANK.NS
2025-01-07,845.2744140625,HDFCBANK.NS
2025-01-08,835.8518676757812,HDFCBANK.NS
2025-01-09,822.778564453125,HDFCBANK.NS
2025-01-10,817.3272094726562,HDFCBANK.NS
2025-01-13,804.5499267578125,HDFCBANK.NS
2025-01-14,812.3198852539062,HDFCBANK.NS
2025-01-15,810.568603515625,HDFCBANK.NS
2025-01-16,815.0086059570312,HDFCBANK.NS
2025-01-17,807.4605712890625,HDFCBANK.NS
2025-01-20,814.6138916015625,HDFCBANK.NS
2025-01-21,810.2479248046875,HDFCBANK.NS
2025-01-22,821.9152221679688,HDFCBANK.NS
2025-01-23,821.347900390625,HDFCBANK.NS
2025-01-24,813.8986206054688,HDFCBANK.NS
2025-01-27,804.0319213867188,HDFCBANK.NS
2025-01-28,824.0612182617188,HDFCBANK.NS
2025-01-29,827.4651489257812,HDFCBANK.NS
2025-01-30,834.4705200195312,HDFCBANK.NS
2025-01-31,838.047119140625,HDFCBANK.NS
2025-02-01,834.1991577148438,HDFCBANK.NS
2025-02-03,827.8104858398438,HDFCBANK.NS
2025-02-04,848.9744873046875,HDFCBANK.NS
2025-02-05,857.311767578125,HDFCBANK.NS
2025-02-06,860.29638671875,HDFCBANK.NS
2025-02-07,854.8204345703125,HDFCBANK.NS
2025-02-10,846.4337158203125,HDFCBANK.NS
2025-02-11,839.3544311523438,HDFCBANK.NS
2025-02-12,842.0184326171875,HDFCBANK.NS
2025-02-13,837.5291137695312,HDFCBANK.NS
2025-02-14,836.1231079101562,HDFCBANK.NS
2025-02-17,847.2230834960938,HDFCBANK.NS
2025-02-18,850.0350952148438,HDFCBANK.NS
2025-02-19,852.0823974609375,HDFCBANK.NS
2025-02-20,832.2998046875,HDFCBANK.NS
2025-02-21,834.9638061523438,HDFCBANK.NS
2025-02-24,827.366455078125,HDFCBANK.NS
2025-02-25,829.9564819335938,HDFCBANK.NS
2025-02-27,839.0091552734375,HDFCBANK.NS
2025-02-28,854.6477661132812,HDFCBANK.NS
2025-03-03,839.428466796875,HDFCBANK.NS
2025-03-04,843.5971069335938,HDFCBANK.NS
2025-03-05,833.73046875,HDFCBANK.NS
2025-03-06,834.3224487304688,HDFCBANK.NS
2025-03-07,833.3604736328125,HDFCBANK.NS
2025-03-10,832.4971313476562,HDFCBANK.NS
2025-03-11,831.510498046875,HDFCBANK.NS
2025-03-12,844.1644287109375,HDFCBANK.NS
2025-03-13,841.9197998046875,HDFCBANK.NS
2025-03-17,843.79443359375,HDFCBANK.NS
2025-03-18,843.79443359375,HDFCBANK.NS
2025-03-19,860.4197387695312,HDFCBANK.NS
2025-03-20,872.5803833007812,HDFCBANK.NS
2025-03-21,873.3696899414062,HDFCBANK.NS
2025-03-24,887.9969482421875,HDFCBANK.NS
2025-03-25,898.5789184570312,HDFCBANK.NS
2025-03-26,891.2283325195312,HDFCBANK.NS
2025-03-27,900.5029296875,HDFCBANK.NS
2025-03-28,901.908935546875,HDFCBANK.NS
2025-04-01,872.1363525390625,HDFCBANK.NS
2025-04-02,886.4676513671875,HDFCBANK.NS
2025-04-03,885.456298828125,HDFCBANK.NS
2025-04-04,896.5316162109375,HDFCBANK.NS
2025-04-07,867.1289672851562,HDFCBANK.NS
2025-04-08,872.7777099609375,HDFCBANK.NS
2025-04-09,870.7303466796875,HDFCBANK.NS
2025-04-11,891.3269653320312,HDFCBANK.NS
2025-04-15,920.01416015625,HDFCBANK.NS
2025-04-16,926.476806640625,HDFCBANK.NS
2025-04-17,940.6353759765625,HDFCBANK.NS
2025-04-21,950.6994018554688,HDFCBANK.NS
2025-04-22,967.7686767578125,HDFCBANK.NS
2025-04-23,949.1207885742188,HDFCBANK.NS
2025-04-24,945.6181030273438,HDFCBANK.NS
2025-04-25,942.8554077148438,HDFCBANK.NS
2025-04-28,947.29541015625,HDFCBANK.NS
2025-04-29,941.6715087890625,HDFCBANK.NS
2025-04-30,949.6633911132812,HDFCBANK.NS
2025-05-02,948.1340942382812,HDFCBANK.NS
2025-05-05,955.4847412109375,HDFCBANK.NS
2025-05-06,952.9686889648438,HDFCBANK.NS
2025-05-07,959.8259887695312,HDFCBANK.NS
2025-05-08,951.3900756835938,HDFCBANK.NS
2025-05-09,932.248779296875,HDFCBANK.NS
2025-05-12,965.5486450195312,HDFCBANK.NS
2025-05-13,948.4794311523438,HDFCBANK.NS
2025-05-14,942.5594482421875,HDFCBANK.NS
2025-05-15,954.0047607421875,HDFCBANK.NS
2025-05-16,954.44873046875,HDFCBANK.NS
2025-05-19,956.4220581054688,HDFCBANK.NS
2025-05-20,944.6807861328125,HDFCBANK.NS
2025-05-21,950.5514526367188,HDFCBANK.NS
2025-05-22,947.1474609375,HDFCBANK.NS
2025-05-23,953.906005859375,HDFCBANK.NS
2025-05-26,957.1620483398438,HDFCBANK.NS
2025-05-27,950.3048095703125,HDFCBANK.NS
2025-05-28,948.9234619140625,HDFCBANK.NS
2025-05-29,950.896728515625,HDFCBANK.NS
2025-05-30,959.4807739257812,HDFCBANK.NS
2025-06-02,953.1660766601562,HDFCBANK.NS
2025-06-03,949.466064453125,HDFCBANK.NS
2025-06-04,957.6553955078125,HDFCBANK.NS
2025-06-05,961.7993774414062,HDFCBANK.NS
2025-06-06,976.1552734375,HDFCBANK.NS
2025-06-09,976.2539672851562,HDFCBANK.NS
2025-06-10,969.5447387695312,HDFCBANK.NS
2025-06-11,962.194091796875,HDFCBANK.NS
2025-06-12,958.74072265625,HDFCBANK.NS
2025-06-13,946.0127563476562,HDFCBANK.NS
2025-06-16,954.7940673828125,HDFCBANK.NS
2025-06-17,951.9327392578125,HDFCBANK.NS
2025-06-18,954.0540771484375,HDFCBANK.NS
2025-06-19,954.7447509765625,HDFCBANK.NS
2025-06-20,969.2486572265625,HDFCBANK.NS
2025-06-23,961.2073364257812,HDFCBANK.NS
2025-06-24,967.3740234375,HDFCBANK.NS
2025-06-25,976.8953247070312,HDFCBANK.NS
2025-06-26,997.41796875,HDFCBANK.NS
2025-06-27,1004.9491577148438,HDFCBANK.NS
2025-06-30,998.2658081054688,HDFCBANK.NS
2025-07-01,1003.5526123046875,HDFCBANK.NS
2025-07-02,990.5350341796875,HDFCBANK.NS
2025-07-03,991.0836181640625,HDFCBANK.NS
2025-07-04,992.1809692382812,HDFCBANK.NS
2025-07-07,991.2332763671875,HDFCBANK.NS
2025-07-08,998.2159423828125,HDFCBANK.NS
2025-07-09,1003.1036987304688,HDFCBANK.NS
2025-07-10,1000.6099243164062,HDFCBANK.NS
2025-07-11,989.3878784179688,HDFCBANK.NS
2025-07-14,989.0387573242188,HDFCBANK.NS
2025-07-15,995.2732543945312,HDFCBANK.NS
2025-07-16,995.6722412109375,HDFCBANK.NS
2025-07-17,990.98388671875,HDFCBANK.NS
2025-07-18,976.2705078125,HDFCBANK.NS
2025-07-21,997.7670288085938,HDFCBANK.NS
2025-07-22,1001.058837890625,HDFCBANK.NS
2025-07-23,1009.6375122070312,HDFCBANK.NS
2025-07-24,1004.5999755859375,HDFCBANK.NS
2025-07-25,1002.2999877929688,HDFCBANK.NS
2025-07-28,1004.25,HDFCBANK.NS
2025-07-29,1010.7999877929688,HDFCBANK.NS
2025-07-30,1012.9000244140625,HDFCBANK.NS
2025-07-31,1009.0999755859375,HDFCBANK.NS
2025-08-01,1006.0999755859375,HDFCBANK.NS
2025-08-04,996.0,HDFCBANK.NS
2025-08-05,988.7999877929688,HDFCBANK.NS
2025-08-06,992.6500244140625,HDFCBANK.NS
2025-08-07,997.7000122070312,HDFCBANK.NS
2025-08-08,986.9500122070312,HDFCBANK.NS
2025-08-11,997.7999877929688,HDFCBANK.NS
2025-08-12,984.9500122070312,HDFCBANK.NS
2025-08-13,990.1500244140625,HDFCBANK.NS
2025-08-14,995.5499877929688,HDFCBANK.NS
2025-08-18,1001.7999877929688,HDFCBANK.NS
2025-08-19,995.5499877929688,HDFCBANK.NS
2025-08-20,994.0999755859375,HDFCBANK.NS
2025-08-21,995.5999755859375,HDFCBANK.NS
2025-08-22,982.2999877929688,HDFCBANK.NS
2025-08-25,982.0499877929688,HDFCBANK.NS
2025-08-26,973.4000244140625,HDFCBANK.NS
2025-08-28,957.7999877929688,HDFCBANK.NS
2025-08-29,951.5999755859375,HDFCBANK.NS
2025-09-01,950.5999755859375,HDFCBANK.NS
2025-09-02,944.5,HDFCBANK.NS
2025-09-03,954.4500122070312,HDFCBANK.NS
2025-09-04,961.25,HDFCBANK.NS
2025-09-05,963.4000244140625,HDFCBANK.NS
2025-09-08,966.0,HDFCBANK.NS
2025-09-09,965.1500244140625,HDFCBANK.NS
2025-09-10,965.9000244140625,HDFCBANK.NS
2025-09-11,967.7999877929688,HDFCBANK.NS
2025-09-12,967.2999877929688,HDFCBANK.NS
2025-09-15,967.0499877929688,HDFCBANK.NS
2025-09-16,966.8499755859375,HDFCBANK.NS
2025-09-17,966.5,HDFCBANK.NS
2025-09-18,976.9000244140625,HDFCBANK.NS
2025-09-19,966.9000244140625,HDFCBANK.NS
2025-09-22,964.2000122070312,HDFCBANK.NS
2025-09-23,957.2000122070312,HDFCBANK.NS
2025-09-24,951.0499877929688,HDFCBANK.NS
2025-09-25,949.8499755859375,HDFCBANK.NS
2025-09-26,945.0499877929688,HDFCBANK.NS
2025-09-29,950.2999877929688,HDFCBANK.NS
2025-09-30,951.0,HDFCBANK.NS
2025-10-01,965.25,HDFCBANK.NS
2025-10-03,965.1500244140625,HDFCBANK.NS
2025-10-06,973.4500122070312,HDFCBANK.NS
2025-10-07,982.5,HDFCBANK.NS
2025-10-08,978.7000122070312,HDFCBANK.NS
2025-10-09,977.0999755859375,HDFCBANK.NS
2025-10-10,980.9000244140625,HDFCBANK.NS
2025-10-13,977.0,HDFCBANK.NS
2025-10-14,977.1500244140625,HDFCBANK.NS
2025-10-15,978.25,HDFCBANK.NS
2025-10-16,994.3499755859375,HDFCBANK.NS
2025-10-17,1002.5499877929688,HDFCBANK.NS
2025-10-20,1002.9500122070312,HDFCBANK.NS
2025-10-21,1007.7000122070312,HDFCBANK.NS
2025-10-23,1008.7999877929688,HDFCBANK.NS
2025-10-24,994.75,HDFCBANK.NS
2025-10-27,1002.9500122070312,HDFCBANK.NS
2025-10-28,1003.5499877929688,HDFCBANK.NS
2025-10-29,1007.8499755859375,HDFCBANK.NS
2025-10-30,998.1500244140625,HDFCBANK.NS
2025-10-31,987.2999877929688,HDFCBANK.NS
2025-11-03,992.6500244140625,HDFCBANK.NS
2025-11-04,985.25,HDFCBANK.NS
2025-11-06,984.6500244140625,HDFCBANK.NS
2025-11-07,982.2999877929688,HDFCBANK.NS
2025-11-10,984.5,HDFCBANK.NS
2025-11-11,991.7000122070312,HDFCBANK.NS
2025-11-12,989.5,HDFCBANK.NS
2025-11-13,986.6500244140625,HDFCBANK.NS
2025-11-14,989.5999755859375,HDFCBANK.NS
2025-11-17,996.5499877929688,HDFCBANK.NS
2025-11-18,992.4500122070312,HDFCBANK.NS
2025-11-19,994.5999755859375,HDFCBANK.NS
2025-11-20,1008.8499755859375,HDFCBANK.NS
2025-11-21,998.0499877929688,HDFCBANK.NS
2025-11-24,999.1500244140625,HDFCBANK.NS
2025-11-25,989.7999877929688,HDFCBANK.NS
2025-11-26,1003.9000244140625,HDFCBANK.NS
2025-11-27,1009.5,HDFCBANK.NS
2025-11-28,1007.5999755859375,HDFCBANK.NS
2025-12-01,1002.0999755859375,HDFCBANK.NS
2025-12-02,989.7999877929688,HDFCBANK.NS
2025-12-03,1000.5,HDFCBANK.NS
2025-12-04,997.2000122070312,HDFCBANK.NS
2025-12-05,1003.2999877929688,HDFCBANK.NS
2025-12-08,1003.0999755859375,HDFCBANK.NS
2025-12-09,997.0999755859375,HDFCBANK.NS
2025-12-10,989.7999877929688,HDFCBANK.NS
2025-12-11,1000.2999877929688,HDFCBANK.NS
2025-12-12,1001.5,HDFCBANK.NS
2025-12-15,996.0999755859375,HDFCBANK.NS
2025-12-16,994.2999877929688,HDFCBANK.NS
2025-12-17,984.0,HDFCBANK.NS
2025-12-18,979.7000122070312,HDFCBANK.NS
2025-12-19,985.5,HDFCBANK.NS
2025-12-22,987.7000122070312,HDFCBANK.NS
2025-12-23,996.5999755859375,HDFCBANK.NS
2025-12-24,997.2000122070312,HDFCBANK.NS
2025-12-26,992.0999755859375,HDFCBANK.NS
2025-12-29,991.7000122070312,HDFCBANK.NS
2025-12-30,990.9000244140625,HDFCBANK.NS
2025-12-31,991.2000122070312,HDFCBANK.NS
2026-01-01,991.1500244140625,HDFCBANK.NS
2026-01-02,1001.5999755859375,HDFCBANK.NS
2026-01-05,977.5,HDFCBANK.NS
2026-01-06,962.2000122070312,HDFCBANK.NS
2026-01-07,949.0499877929688,HDFCBANK.NS
2026-01-08,946.7000122070312,HDFCBANK.NS
2026-01-09,939.0,HDFCBANK.NS
2026-01-12,936.9500122070312,HDFCBANK.NS
2026-01-13,937.3499755859375,HDFCBANK.NS
2026-01-14,925.4500122070312,HDFCBANK.NS
2026-01-15,925.4500122070312,HDFCBANK.NS
2026-01-16,931.0999755859375,HDFCBANK.NS
2026-01-19,927.9000244140625,HDFCBANK.NS
2026-01-20,931.2000122070312,HDFCBANK.NS
2026-01-21,920.3499755859375,HDFCBANK.NS
2026-01-22,918.7000122070312,HDFCBANK.NS
2026-01-23,916.0999755859375,HDFCBANK.NS
2026-01-27,926.4000244140625,HDFCBANK.NS
2026-01-28,932.7000122070312,HDFCBANK.NS
2026-01-29,935.5,HDFCBANK.NS
2026-01-30,929.25,HDFCBANK.NS
2026-02-02,928.0999755859375,HDFCBANK.NS
2026-02-03,948.7000122070312,HDFCBANK.NS
2026-02-04,953.0999755859375,HDFCBANK.NS
2026-02-05,949.7000122070312,HDFCBANK.NS
2026-02-06,941.0999755859375,HDFCBANK.NS
2026-02-09,937.25,HDFCBANK.NS
2026-02-10,932.4000244140625,HDFCBANK.NS
2026-02-11,927.0999755859375,HDFCBANK.NS
2026-02-12,920.5999755859375,HDFCBANK.NS
2026-02-13,903.9000244140625,HDFCBANK.NS
2026-02-16,925.7999877929688,HDFCBANK.NS
2026-02-17,925.7000122070312,HDFCBANK.NS
2026-02-18,924.7000122070312,HDFCBANK.NS
2026-02-19,915.5999755859375,HDFCBANK.NS
2026-02-20,911.8499755859375,HDFCBANK.NS
2026-02-23,923.5999755859375,HDFCBANK.NS
2026-02-24,910.5,HDFCBANK.NS
2026-02-25,907.5999755859375,HDFCBANK.NS
2026-02-26,898.5999755859375,HDFCBANK.NS
2026-02-27,887.75,HDFCBANK.NS
2026-03-02,879.4000244140625,HDFCBANK.NS
2026-03-04,868.6500244140625,HDFCBANK.NS
2026-03-05,877.75,HDFCBANK.NS
2026-03-06,857.0499877929688,HDFCBANK.NS
2026-03-09,840.7000122070312,HDFCBANK.NS
2026-03-10,849.4500122070312,HDFCBANK.NS
2026-03-11,833.9500122070312,HDFCBANK.NS
2026-03-12,832.75,HDFCBANK.NS
2026-03-13,817.0,HDFCBANK.NS
2026-03-16,840.5999755859375,HDFCBANK.NS
2026-03-17,845.3499755859375,HDFCBANK.NS
2026-03-18,843.0499877929688,HDFCBANK.NS
2026-03-19,798.2000122070312,HDFCBANK.NS
2026-03-20,780.4500122070312,HDFCBANK.NS
2026-03-23,744.1500244140625,HDFCBANK.NS
2026-03-24,764.9000244140625,HDFCBANK.NS
2026-03-25,782.2999877929688,HDFCBANK.NS
2026-03-27,756.2000122070312,HDFCBANK.NS
2026-03-30,731.5499877929688,HDFCBANK.NS
2026-04-01,742.25,HDFCBANK.NS
2026-04-02,750.9000244140625,HDFCBANK.NS
2026-04-06,771.0,HDFCBANK.NS
2026-04-07,772.0,HDFCBANK.NS
2026-04-08,816.0999755859375,HDFCBANK.NS
2026-04-09,797.7000122070312,HDFCBANK.NS
2026-04-10,810.2999877929688,HDFCBANK.NS
2026-04-13,794.7000122070312,HDFCBANK.NS
2026-04-15,809.9000244140625,HDFCBANK.NS
2026-04-16,795.4500122070312,HDFCBANK.NS
2026-04-17,799.9000244140625,HDFCBANK.NS
2026-04-20,795.4500122070312,HDFCBANK.NS
2026-04-21,811.75,HDFCBANK.NS
2026-04-22,799.9000244140625,HDFCBANK.NS
2026-04-23,784.3499755859375,HDFCBANK.NS
2026-04-24,784.8499755859375,HDFCBANK.NS
2026-04-27,789.7999877929688,HDFCBANK.NS
2026-04-28,782.5499877929688,HDFCBANK.NS
2026-04-29,779.0,HDFCBANK.NS
2026-04-30,771.7000122070312,HDFCBANK.NS
2026-05-01,771.7000122070312,HDFCBANK.NS
2026-05-04,779.4000244140625,HDFCBANK.NS
2026-05-05,772.2999877929688,HDFCBANK.NS
2026-05-06,778.9500122070312,HDFCBANK.NS
2024-05-06,1342.46337890625,INFY.NS
2024-05-07,1356.6326904296875,INFY.NS
2024-05-08,1343.7813720703125,INFY.NS
2024-05-09,1355.314453125,INFY.NS
2024-05-10,1341.5218505859375,INFY.NS
2024-05-13,1340.1566162109375,INFY.NS
2024-05-14,1341.33349609375,INFY.NS
2024-05-15,1336.861328125,INFY.NS
2024-05-16,1368.3070068359375,INFY.NS
2024-05-17,1359.78662109375,INFY.NS
2024-05-21,1350.2305908203125,INFY.NS
2024-05-22,1369.672119140625,INFY.NS
2024-05-23,1386.2423095703125,INFY.NS
2024-05-24,1379.369384765625,INFY.NS
2024-05-27,1385.253662109375,INFY.NS
2024-05-28,1381.2054443359375,INFY.NS
2024-05-29,1366.0474853515625,INFY.NS
2024-05-30,1343.9224853515625,INFY.NS
2024-05-31,1351.076904296875,INFY.NS
2024-06-03,1350.11669921875,INFY.NS
2024-06-04,1338.3526611328125,INFY.NS
2024-06-05,1373.3563232421875,INFY.NS
2024-06-06,1413.8341064453125,INFY.NS
2024-06-07,1472.7496337890625,INFY.NS
2024-06-10,1440.242919921875,INFY.NS
2024-06-11,1436.4014892578125,INFY.NS
2024-06-12,1426.2701416015625,INFY.NS
2024-06-13,1434.6729736328125,INFY.NS
2024-06-14,1429.8233642578125,INFY.NS
2024-06-18,1438.7542724609375,INFY.NS
2024-06-19,1451.382568359375,INFY.NS
2024-06-20,1455.2718505859375,INFY.NS
2024-06-21,1471.885498046875,INFY.NS
2024-06-24,1466.5556640625,INFY.NS
2024-06-25,1480.7684326171875,INFY.NS
2024-06-26,1479.56787109375,INFY.NS
2024-06-27,1510.9224853515625,INFY.NS
2024-06-28,1504.5843505859375,INFY.NS
2024-07-01,1527.6802978515625,INFY.NS
2024-07-02,1556.72998046875,INFY.NS
2024-07-03,1562.8280029296875,INFY.NS
2024-07-04,1585.155517578125,INFY.NS
2024-07-05,1582.0823974609375,INFY.NS
2024-07-08,1595.718994140625,INFY.NS
2024-07-09,1591.3975830078125,INFY.NS
2024-07-10,1582.8507080078125,INFY.NS
2024-07-11,1587.1240234375,INFY.NS
2024-07-12,1643.8310546875,INFY.NS
2024-07-15,1639.317626953125,INFY.NS
2024-07-16,1657.5638427734375,INFY.NS
2024-07-18,1688.2940673828125,INFY.NS
2024-07-19,1721.8092041015625,INFY.NS
2024-07-22,1738.9989013671875,INFY.NS
2024-07-23,1764.015380859375,INFY.NS
2024-07-24,1761.1824951171875,INFY.NS
2024-07-25,1752.4434814453125,INFY.NS
2024-07-26,1804.3489990234375,INFY.NS
2024-07-29,1796.8583984375,INFY.NS
2024-07-30,1802.6683349609375,INFY.NS
2024-07-31,1794.1214599609375,INFY.NS
2024-08-01,1779.0924072265625,INFY.NS
2024-08-02,1748.9383544921875,INFY.NS
2024-08-05,1682.38818359375,INFY.NS
2024-08-06,1681.6197509765625,INFY.NS
2024-08-07,1720.5609130859375,INFY.NS
2024-08-08,1673.9852294921875,INFY.NS
2024-08-09,1700.4901123046875,INFY.NS
2024-08-12,1726.082763671875,INFY.NS
2024-08-13,1726.130615234375,INFY.NS
2024-08-14,1750.9071044921875,INFY.NS
2024-08-16,1785.1904296875,INFY.NS
2024-08-19,1790.8084716796875,INFY.NS
2024-08-20,1797.914794921875,INFY.NS
2024-08-21,1798.394775390625,INFY.NS
2024-08-22,1805.6453857421875,INFY.NS
2024-08-23,1788.2154541015625,INFY.NS
2024-08-26,1801.7081298828125,INFY.NS
2024-08-27,1824.7076416015625,INFY.NS
2024-08-28,1862.160400390625,INFY.NS
2024-08-29,1856.638427734375,INFY.NS
2024-08-30,1866.5777587890625,INFY.NS
2024-09-02,1886.552490234375,INFY.NS
2024-09-03,1864.22509765625,INFY.NS
2024-09-04,1846.1708984375,INFY.NS
2024-09-05,1856.4464111328125,INFY.NS
2024-09-06,1826.3883056640625,INFY.NS
2024-09-09,1819.4739990234375,INFY.NS
2024-09-10,1836.4237060546875,INFY.NS
2024-09-11,1834.35888671875,INFY.NS
2024-09-12,1873.0599365234375,INFY.NS
2024-09-13,1866.9619140625,INFY.NS
2024-09-16,1872.8680419921875,INFY.NS
2024-09-17,1875.07666015625,INFY.NS
2024-09-18,1817.0732421875,INFY.NS
2024-09-19,1819.041748046875,INFY.NS
2024-09-20,1830.1336669921875,INFY.NS
2024-09-23,1821.2025146484375,INFY.NS
2024-09-24,1823.2672119140625,INFY.NS
2024-09-25,1820.0982666015625,INFY.NS
2024-09-26,1824.851806640625,INFY.NS
2024-09-27,1831.093994140625,INFY.NS
2024-09-30,1801.179931640625,INFY.NS
2024-10-01,1828.7891845703125,INFY.NS
2024-10-03,1818.2735595703125,INFY.NS
2024-10-04,1842.0416259765625,INFY.NS
2024-10-07,1857.55078125,INFY.NS
2024-10-08,1871.2353515625,INFY.NS
2024-10-09,1875.2686767578125,INFY.NS
2024-10-10,1842.85791015625,INFY.NS
2024-10-11,1858.3189697265625,INFY.NS
2024-10-14,1881.1746826171875,INFY.NS
2024-10-15,1881.5589599609375,INFY.NS
2024-10-16,1843.914306640625,INFY.NS
2024-10-17,1890.0096435546875,INFY.NS
2024-10-18,1805.0211181640625,INFY.NS
2024-10-21,1779.236572265625,INFY.NS
2024-10-22,1778.132080078125,INFY.NS
2024-10-23,1799.0672607421875,INFY.NS
2024-10-24,1789.4158935546875,INFY.NS
2024-10-25,1788.1676025390625,INFY.NS
2024-10-28,1791.336669921875,INFY.NS
2024-10-29,1786.4317626953125,INFY.NS
2024-10-30,1750.301025390625,INFY.NS
2024-10-31,1706.740234375,INFY.NS
2024-11-01,1710.236572265625,INFY.NS
2024-11-04,1712.9561767578125,INFY.NS
2024-11-05,1703.7777099609375,INFY.NS
2024-11-06,1771.2801513671875,INFY.NS
2024-11-07,1751.2237548828125,INFY.NS
2024-11-08,1777.3504638671875,INFY.NS
2024-11-11,1806.6337890625,INFY.NS
2024-11-12,1815.083740234375,INFY.NS
2024-11-13,1814.6953125,INFY.NS
2024-11-14,1810.9559326171875,INFY.NS
2024-11-18,1759.3822021484375,INFY.NS
2024-11-19,1772.2999267578125,INFY.NS
2024-11-21,1781.3326416015625,INFY.NS
2024-11-22,1847.572265625,INFY.NS
2024-11-25,1835.383056640625,INFY.NS
2024-11-26,1868.8427734375,INFY.NS
2024-11-27,1869.1827392578125,INFY.NS
2024-11-28,1803.282958984375,INFY.NS
2024-11-29,1804.448486328125,INFY.NS
2024-12-02,1825.7677001953125,INFY.NS
2024-12-03,1837.7139892578125,INFY.NS
2024-12-04,1834.9459228515625,INFY.NS
2024-12-05,1879.2352294921875,INFY.NS
2024-12-06,1867.1431884765625,INFY.NS
2024-12-09,1868.357177734375,INFY.NS
2024-12-10,1892.54150390625,INFY.NS
2024-12-11,1917.4056396484375,INFY.NS
2024-12-12,1929.88623046875,INFY.NS
2024-12-13,1942.22119140625,INFY.NS
2024-12-16,1923.1361083984375,INFY.NS
2024-12-17,1919.7852783203125,INFY.NS
2024-12-18,1922.261962890625,INFY.NS
2024-12-19,1890.259033203125,INFY.NS
2024-12-20,1866.9002685546875,INFY.NS
2024-12-23,1868.988525390625,INFY.NS
2024-12-24,1854.1768798828125,INFY.NS
2024-12-26,1852.5743408203125,INFY.NS
2024-12-27,1861.655517578125,INFY.NS
2024-12-30,1851.2144775390625,INFY.NS
2024-12-31,1825.9617919921875,INFY.NS
2025-01-01,1828.3900146484375,INFY.NS
2025-01-02,1901.57421875,INFY.NS
2025-01-03,1883.023193359375,INFY.NS
2025-01-06,1882.1490478515625,INFY.NS
2025-01-07,1875.3502197265625,INFY.NS
2025-01-08,1877.5841064453125,INFY.NS
2025-01-09,1862.1898193359375,INFY.NS
2025-01-10,1910.4124755859375,INFY.NS
2025-01-13,1905.799072265625,INFY.NS
2025-01-14,1884.285888671875,INFY.NS
2025-01-15,1893.60986328125,INFY.NS
2025-01-16,1873.0191650390625,INFY.NS
2025-01-17,1763.2672119140625,INFY.NS
2025-01-20,1761.17919921875,INFY.NS
2025-01-21,1748.941162109375,INFY.NS
2025-01-22,1803.0887451171875,INFY.NS
2025-01-23,1811.8299560546875,INFY.NS
2025-01-24,1821.5426025390625,INFY.NS
2025-01-27,1769.6290283203125,INFY.NS
2025-01-28,1777.15625,INFY.NS
2025-01-29,1827.1759033203125,INFY.NS
2025-01-30,1806.488037109375,INFY.NS
2025-01-31,1825.7677001953125,INFY.NS
2025-02-01,1798.1353759765625,INFY.NS
2025-02-03,1809.741943359375,INFY.NS
2025-02-04,1844.2215576171875,INFY.NS
2025-02-05,1842.521728515625,INFY.NS
2025-02-06,1860.587158203125,INFY.NS
2025-02-07,1848.9320068359375,INFY.NS
2025-02-10,1826.2532958984375,INFY.NS
2025-02-11,1821.7369384765625,INFY.NS
2025-02-12,1809.5963134765625,INFY.NS
2025-02-13,1790.268310546875,INFY.NS
2025-02-14,1803.040283203125,INFY.NS
2025-02-17,1789.345458984375,INFY.NS
2025-02-18,1798.7181396484375,INFY.NS
2025-02-19,1758.7509765625,INFY.NS
2025-02-20,1772.6884765625,INFY.NS
2025-02-21,1762.8302001953125,INFY.NS
2025-02-24,1713.3931884765625,INFY.NS
2025-02-25,1716.8897705078125,INFY.NS
2025-02-27,1713.5875244140625,INFY.NS
2025-02-28,1639.189208984375,INFY.NS
2025-03-03,1659.488525390625,INFY.NS
2025-03-04,1639.7720947265625,INFY.NS
2025-03-05,1662.30517578125,INFY.NS
2025-03-06,1666.5301513671875,INFY.NS
2025-03-07,1637.5380859375,INFY.NS
2025-03-10,1652.5439453125,INFY.NS
2025-03-11,1613.83935546875,INFY.NS
2025-03-12,1545.123046875,INFY.NS
2025-03-13,1534.439208984375,INFY.NS
2025-03-17,1544.34619140625,INFY.NS
2025-03-18,1544.34619140625,INFY.NS
2025-03-19,1540.94677734375,INFY.NS
2025-03-20,1569.11328125,INFY.NS
2025-03-21,1546.7742919921875,INFY.NS
2025-03-24,1546.968505859375,INFY.NS
2025-03-25,1581.6422119140625,INFY.NS
2025-03-26,1553.4759521484375,INFY.NS
2025-03-27,1557.4581298828125,INFY.NS
2025-03-28,1525.5037841796875,INFY.NS
2025-04-01,1482.6226806640625,INFY.NS
2025-04-02,1505.593017578125,INFY.NS
2025-04-03,1453.4849853515625,INFY.NS
2025-04-04,1409.9241943359375,INFY.NS
2025-04-07,1356.602294921875,INFY.NS
2025-04-08,1387.7310791015625,INFY.NS
2025-04-09,1363.3524169921875,INFY.NS
2025-04-11,1368.937255859375,INFY.NS
2025-04-15,1385.011474609375,INFY.NS
2025-04-16,1372.4822998046875,INFY.NS
2025-04-17,1378.6982421875,INFY.NS
2025-04-21,1409.29296875,INFY.NS
2025-04-22,1381.903564453125,INFY.NS
2025-04-23,1432.505859375,INFY.NS
2025-04-24,1429.1065673828125,INFY.NS
2025-04-25,1437.653564453125,INFY.NS
2025-04-28,1439.4989013671875,INFY.NS
2025-04-29,1454.4564208984375,INFY.NS
2025-04-30,1456.9815673828125,INFY.NS
2025-05-02,1463.586181640625,INFY.NS
2025-05-05,1465.2373046875,INFY.NS
2025-05-06,1468.0538330078125,INFY.NS
2025-05-07,1464.9459228515625,INFY.NS
2025-05-08,1467.9569091796875,INFY.NS
2025-05-09,1464.2659912109375,INFY.NS
2025-05-12,1580.136962890625,INFY.NS
2025-05-13,1523.5125732421875,INFY.NS
2025-05-14,1546.6285400390625,INFY.NS
2025-05-15,1566.6363525390625,INFY.NS
2025-05-16,1544.200439453125,INFY.NS
2025-05-19,1514.965576171875,INFY.NS
2025-05-20,1515.7425537109375,INFY.NS
2025-05-21,1523.41552734375,INFY.NS
2025-05-22,1503.01904296875,INFY.NS
2025-05-23,1519.8218994140625,INFY.NS
2025-05-26,1535.070556640625,INFY.NS
2025-05-27,1524.9696044921875,INFY.NS
2025-05-28,1526.6207275390625,INFY.NS
2025-05-29,1540.0240478515625,INFY.NS
2025-05-30,1539.1375732421875,INFY.NS
2025-06-02,1530.371826171875,INFY.NS
2025-06-03,1519.734619140625,INFY.NS
2025-06-04,1527.8109130859375,INFY.NS
2025-06-05,1530.8642578125,INFY.NS
2025-06-06,1540.2210693359375,INFY.NS
2025-06-09,1549.183837890625,INFY.NS
2025-06-10,1571.935546875,INFY.NS
2025-06-11,1606.5062255859375,INFY.NS
2025-06-12,1584.345458984375,INFY.NS
2025-06-13,1577.844970703125,INFY.NS
2025-06-16,1599.31640625,INFY.NS
2025-06-17,1615.173583984375,INFY.NS
2025-06-18,1608.2791748046875,INFY.NS
2025-06-19,1593.997802734375,INFY.NS
2025-06-20,1598.429931640625,INFY.NS
2025-06-23,1560.116455078125,INFY.NS
2025-06-24,1557.7525634765625,INFY.NS
2025-06-25,1590.550537109375,INFY.NS
2025-06-26,1591.6339111328125,INFY.NS
2025-06-27,1583.7545166015625,INFY.NS
2025-06-30,1577.6480712890625,INFY.NS
2025-07-01,1582.57275390625,INFY.NS
2025-07-02,1586.2169189453125,INFY.NS
2025-07-03,1594.293212890625,INFY.NS
2025-07-04,1615.96142578125,INFY.NS
2025-07-07,1602.4681396484375,INFY.NS
2025-07-08,1613.9915771484375,INFY.NS
2025-07-09,1609.0670166015625,INFY.NS
2025-07-10,1591.43701171875,INFY.NS
2025-07-11,1570.85205078125,INFY.NS
2025-07-14,1546.623046875,INFY.NS
2025-07-15,1561.6922607421875,INFY.NS
2025-07-16,1583.6561279296875,INFY.NS
2025-07-17,1559.6240234375,INFY.NS
2025-07-18,1562.1846923828125,INFY.NS
2025-07-21,1560.4119873046875,INFY.NS
2025-07-22,1547.2139892578125,INFY.NS
2025-07-23,1550.7596435546875,INFY.NS
2025-07-24,1529.0914306640625,INFY.NS
2025-07-25,1492.84619140625,INFY.NS
2025-07-28,1493.1417236328125,INFY.NS
2025-07-29,1490.8763427734375,INFY.NS
2025-07-30,1496.0965576171875,INFY.NS
2025-07-31,1486.247314453125,INFY.NS
2025-08-01,1447.4412841796875,INFY.NS
2025-08-04,1458.177001953125,INFY.NS
2025-08-05,1438.2816162109375,INFY.NS
2025-08-06,1415.037353515625,INFY.NS
2025-08-07,1415.234375,INFY.NS
2025-08-08,1401.6424560546875,INFY.NS
2025-08-11,1406.66552734375,INFY.NS
2025-08-12,1402.62744140625,INFY.NS
2025-08-13,1405.0897216796875,INFY.NS
2025-08-14,1425.8714599609375,INFY.NS
2025-08-18,1414.1510009765625,INFY.NS
2025-08-19,1418.2877197265625,INFY.NS
2025-08-20,1473.6402587890625,INFY.NS
2025-08-21,1473.8372802734375,INFY.NS
2025-08-22,1465.0714111328125,INFY.NS
2025-08-25,1508.9989013671875,INFY.NS
2025-08-26,1506.53662109375,INFY.NS
2025-08-28,1477.4814453125,INFY.NS
2025-08-29,1447.4412841796875,INFY.NS
2025-09-01,1476.7921142578125,INFY.NS
2025-09-02,1476.1025390625,INFY.NS
2025-09-03,1456.798095703125,INFY.NS
2025-09-04,1440.94091796875,INFY.NS
2025-09-05,1422.8182373046875,INFY.NS
2025-09-08,1411.2947998046875,INFY.NS
2025-09-09,1481.6181640625,INFY.NS
2025-09-10,1509.491455078125,INFY.NS
2025-09-11,1486.9366455078125,INFY.NS
2025-09-12,1502.596923828125,INFY.NS
2025-09-15,1485.6563720703125,INFY.NS
2025-09-16,1488.5126953125,INFY.NS
2025-09-17,1499.4453125,INFY.NS
2025-09-18,1517.370849609375,INFY.NS
2025-09-19,1516.976806640625,INFY.NS
2025-09-22,1476.8905029296875,INFY.NS
2025-09-23,1474.920654296875,INFY.NS
2025-09-24,1472.0643310546875,INFY.NS
2025-09-25,1462.4122314453125,INFY.NS
2025-09-26,1427.053466796875,INFY.NS
2025-09-29,1420.060546875,INFY.NS
2025-09-30,1420.060546875,INFY.NS
2025-10-01,1424.000244140625,INFY.NS
2025-10-03,1424.7880859375,INFY.NS
2025-10-06,1453.744873046875,INFY.NS
2025-10-07,1436.5086669921875,INFY.NS
2025-10-08,1472.4583740234375,INFY.NS
2025-10-09,1486.5428466796875,INFY.NS
2025-10-10,1492.058349609375,INFY.NS
2025-10-13,1470.6854248046875,INFY.NS
2025-10-14,1467.435302734375,INFY.NS
2025-10-15,1452.1690673828125,INFY.NS
2025-10-16,1449.312744140625,INFY.NS
2025-10-17,1419.37109375,INFY.NS
2025-10-20,1438.87255859375,INFY.NS
2025-10-21,1450.19921875,INFY.NS
2025-10-23,1505.4532470703125,INFY.NS
2025-10-24,1502.4000244140625,INFY.NS
2025-10-27,1504.5,INFY.NS
2025-10-28,1500.199951171875,INFY.NS
2025-10-29,1510.4000244140625,INFY.NS
2025-10-30,1493.800048828125,INFY.NS
2025-10-31,1482.300048828125,INFY.NS
2025-11-03,1485.5,INFY.NS
2025-11-04,1467.9000244140625,INFY.NS
2025-11-06,1466.699951171875,INFY.NS
2025-11-07,1476.800048828125,INFY.NS
2025-11-10,1513.5,INFY.NS
2025-11-11,1530.300048828125,INFY.NS
2025-11-12,1551.699951171875,INFY.NS
2025-11-13,1541.800048828125,INFY.NS
2025-11-14,1502.800048828125,INFY.NS
2025-11-17,1507.5999755859375,INFY.NS
2025-11-18,1486.4000244140625,INFY.NS
2025-11-19,1541.0999755859375,INFY.NS
2025-11-20,1536.5,INFY.NS
2025-11-21,1545.0,INFY.NS
2025-11-24,1548.0,INFY.NS
2025-11-25,1530.5999755859375,INFY.NS
2025-11-26,1557.9000244140625,INFY.NS
2025-11-27,1566.4000244140625,INFY.NS
2025-11-28,1560.0999755859375,INFY.NS
2025-12-01,1564.0,INFY.NS
2025-12-02,1561.0,INFY.NS
2025-12-03,1578.699951171875,INFY.NS
2025-12-04,1597.5999755859375,INFY.NS
2025-12-05,1616.199951171875,INFY.NS
2025-12-08,1610.800048828125,INFY.NS
2025-12-09,1599.0,INFY.NS
2025-12-10,1584.800048828125,INFY.NS
2025-12-11,1598.0,INFY.NS
2025-12-12,1598.199951171875,INFY.NS
2025-12-15,1606.800048828125,INFY.NS
2025-12-16,1592.9000244140625,INFY.NS
2025-12-17,1602.0,INFY.NS
2025-12-18,1626.800048828125,INFY.NS
2025-12-19,1638.699951171875,INFY.NS
2025-12-22,1689.5999755859375,INFY.NS
2025-12-23,1668.300048828125,INFY.NS
2025-12-24,1663.4000244140625,INFY.NS
2025-12-26,1656.0999755859375,INFY.NS
2025-12-29,1644.699951171875,INFY.NS
2025-12-30,1621.5999755859375,INFY.NS
2025-12-31,1615.4000244140625,INFY.NS
2026-01-01,1629.800048828125,INFY.NS
2026-01-02,1640.4000244140625,INFY.NS
2026-01-05,1606.4000244140625,INFY.NS
2026-01-06,1612.199951171875,INFY.NS
2026-01-07,1639.0,INFY.NS
2026-01-08,1613.300048828125,INFY.NS
2026-01-09,1614.0999755859375,INFY.NS
2026-01-12,1595.9000244140625,INFY.NS
2026-01-13,1599.0,INFY.NS
2026-01-14,1599.800048828125,INFY.NS
2026-01-15,1599.800048828125,INFY.NS
2026-01-16,1689.800048828125,INFY.NS
2026-01-19,1681.199951171875,INFY.NS
2026-01-20,1658.9000244140625,INFY.NS
2026-01-21,1654.4000244140625,INFY.NS
2026-01-22,1663.5,INFY.NS
2026-01-23,1670.800048828125,INFY.NS
2026-01-27,1682.699951171875,INFY.NS
2026-01-28,1666.5,INFY.NS
2026-01-29,1659.5,INFY.NS
2026-01-30,1641.0,INFY.NS
2026-02-02,1629.4000244140625,INFY.NS
2026-02-03,1656.0,INFY.NS
2026-02-04,1535.800048828125,INFY.NS
2026-02-05,1520.199951171875,INFY.NS
2026-02-06,1507.0999755859375,INFY.NS
2026-02-09,1497.199951171875,INFY.NS
2026-02-10,1497.800048828125,INFY.NS
2026-02-11,1471.9000244140625,INFY.NS
2026-02-12,1386.0,INFY.NS
2026-02-13,1369.0999755859375,INFY.NS
2026-02-16,1365.5999755859375,INFY.NS
2026-02-17,1391.199951171875,INFY.NS
2026-02-18,1373.699951171875,INFY.NS
2026-02-19,1370.5,INFY.NS
2026-02-20,1353.199951171875,INFY.NS
2026-02-23,1327.5,INFY.NS
2026-02-24,1275.5,INFY.NS
2026-02-25,1290.0999755859375,INFY.NS
2026-02-26,1289.0999755859375,INFY.NS
2026-02-27,1300.0999755859375,INFY.NS
2026-03-02,1288.9000244140625,INFY.NS
2026-03-04,1307.4000244140625,INFY.NS
2026-03-05,1305.800048828125,INFY.NS
2026-03-06,1308.4000244140625,INFY.NS
2026-03-09,1315.0,INFY.NS
2026-03-10,1295.5999755859375,INFY.NS
2026-03-11,1276.300048828125,INFY.NS
2026-03-12,1265.800048828125,INFY.NS
2026-03-13,1248.300048828125,INFY.NS
2026-03-16,1249.800048828125,INFY.NS
2026-03-17,1232.9000244140625,INFY.NS
2026-03-18,1267.0999755859375,INFY.NS
2026-03-19,1220.800048828125,INFY.NS
2026-03-20,1255.9000244140625,INFY.NS
2026-03-23,1256.800048828125,INFY.NS
2026-03-24,1278.300048828125,INFY.NS
2026-03-25,1279.0999755859375,INFY.NS
2026-03-27,1269.699951171875,INFY.NS
2026-03-30,1250.5999755859375,INFY.NS
2026-04-01,1275.699951171875,INFY.NS
2026-04-02,1300.800048828125,INFY.NS
2026-04-06,1306.199951171875,INFY.NS
2026-04-07,1339.4000244140625,INFY.NS
2026-04-08,1346.199951171875,INFY.NS
2026-04-09,1331.5999755859375,INFY.NS
2026-04-10,1292.5,INFY.NS
2026-04-13,1276.800048828125,INFY.NS
2026-04-15,1305.300048828125,INFY.NS
2026-04-16,1319.199951171875,INFY.NS
2026-04-17,1318.699951171875,INFY.NS
2026-04-20,1312.5999755859375,INFY.NS
2026-04-21,1313.199951171875,INFY.NS
2026-04-22,1268.5999755859375,INFY.NS
2026-04-23,1240.5999755859375,INFY.NS
2026-04-24,1154.5999755859375,INFY.NS
2026-04-27,1170.300048828125,INFY.NS
2026-04-28,1152.0999755859375,INFY.NS
2026-04-29,1167.5,INFY.NS
2026-04-30,1181.800048828125,INFY.NS
2026-05-01,1181.800048828125,INFY.NS
2026-05-04,1168.4000244140625,INFY.NS
2026-05-05,1178.0999755859375,INFY.NS
2026-05-06,1174.0,INFY.NS
2024-05-06,3677.20263671875,TCS.NS
2024-05-07,3731.50244140625,TCS.NS
2024-05-08,3729.62646484375,TCS.NS
2024-05-09,3713.917724609375,TCS.NS
2024-05-10,3651.740966796875,TCS.NS
2024-05-13,3702.2890625,TCS.NS
2024-05-14,3658.587158203125,TCS.NS
2024-05-15,3639.080322265625,TCS.NS
2024-05-16,3684.942626953125,TCS.NS
2024-05-17,3621.7939453125,TCS.NS
2024-05-21,3608.663330078125,TCS.NS
2024-05-22,3619.810546875,TCS.NS
2024-05-23,3677.857421875,TCS.NS
2024-05-24,3636.34130859375,TCS.NS
2024-05-27,3634.02685546875,TCS.NS
2024-05-28,3627.272705078125,TCS.NS
2024-05-29,3593.02978515625,TCS.NS
2024-05-30,3529.220703125,TCS.NS
2024-05-31,3467.677978515625,TCS.NS
2024-06-03,3497.8115234375,TCS.NS
2024-06-04,3509.288818359375,TCS.NS
2024-06-05,3538.997314453125,TCS.NS
2024-06-06,3618.298583984375,TCS.NS
2024-06-07,3678.330078125,TCS.NS
2024-06-10,3645.03173828125,TCS.NS
2024-06-11,3638.79736328125,TCS.NS
2024-06-12,3619.4794921875,TCS.NS
2024-06-13,3663.404541015625,TCS.NS
2024-06-14,3619.857421875,TCS.NS
2024-06-18,3603.845947265625,TCS.NS
2024-06-19,3591.18798828125,TCS.NS
2024-06-20,3577.538330078125,TCS.NS
2024-06-21,3599.737060546875,TCS.NS
2024-06-24,3605.4521484375,TCS.NS
2024-06-25,3625.9033203125,TCS.NS
2024-06-26,3642.339599609375,TCS.NS
2024-06-27,3716.303955078125,TCS.NS
2024-06-28,3687.96484375,TCS.NS
2024-07-01,3757.914794921875,TCS.NS
2024-07-02,3794.944091796875,TCS.NS
2024-07-03,3745.681640625,TCS.NS
2024-07-04,3798.297119140625,TCS.NS
2024-07-05,3789.654296875,TCS.NS
2024-07-08,3772.084228515625,TCS.NS
2024-07-09,3764.810302734375,TCS.NS
2024-07-10,3692.688232421875,TCS.NS
2024-07-11,3706.4326171875,TCS.NS
2024-07-12,3952.271728515625,TCS.NS
2024-07-15,3938.338623046875,TCS.NS
2024-07-16,3947.07666015625,TCS.NS
2024-07-18,4076.583984375,TCS.NS
2024-07-19,4073.60205078125,TCS.NS
2024-07-22,4059.352294921875,TCS.NS
2024-07-23,4073.554931640625,TCS.NS
2024-07-24,4077.247802734375,TCS.NS
2024-07-25,4092.6328125,TCS.NS
2024-07-26,4154.5087890625,TCS.NS
2024-07-29,4148.11669921875,TCS.NS
2024-07-30,4133.20458984375,TCS.NS
2024-07-31,4152.1416015625,TCS.NS
2024-08-01,4163.2666015625,TCS.NS
2024-08-02,4055.28076171875,TCS.NS
2024-08-05,3934.087646484375,TCS.NS
2024-08-06,3949.379150390625,TCS.NS
2024-08-07,3977.07373046875,TCS.NS
2024-08-08,3950.6572265625,TCS.NS
2024-08-09,4003.868896484375,TCS.NS
2024-08-12,3972.52880859375,TCS.NS
2024-08-13,3973.760009765625,TCS.NS
2024-08-14,4066.832275390625,TCS.NS
2024-08-16,4181.2080078125,TCS.NS
2024-08-19,4251.22607421875,TCS.NS
2024-08-20,4282.75439453125,TCS.NS
2024-08-21,4309.45458984375,TCS.NS
2024-08-22,4262.58740234375,TCS.NS
2024-08-23,4226.51318359375,TCS.NS
2024-08-26,4263.013671875,TCS.NS
2024-08-27,4257.99560546875,TCS.NS
2024-08-28,4266.421875,TCS.NS
2024-08-29,4271.86669921875,TCS.NS
2024-08-30,4311.5849609375,TCS.NS
2024-09-02,4280.62451171875,TCS.NS
2024-09-03,4272.3876953125,TCS.NS
2024-09-04,4241.046875,TCS.NS
2024-09-05,4237.9228515625,TCS.NS
2024-09-06,4219.74365234375,TCS.NS
2024-09-09,4212.9267578125,TCS.NS
2024-09-10,4268.1259765625,TCS.NS
2024-09-11,4241.14208984375,TCS.NS
2024-09-12,4277.45263671875,TCS.NS
2024-09-13,4282.091796875,TCS.NS
2024-09-16,4273.23974609375,TCS.NS
2024-09-17,4266.04296875,TCS.NS
2024-09-18,4115.02490234375,TCS.NS
2024-09-19,4067.684326171875,TCS.NS
2024-09-20,4057.032958984375,TCS.NS
2024-09-23,4041.504638671875,TCS.NS
2024-09-24,4044.15576171875,TCS.NS
2024-09-25,4047.42236328125,TCS.NS
2024-09-26,4064.228515625,TCS.NS
2024-09-27,4079.567138671875,TCS.NS
2024-09-30,4041.504638671875,TCS.NS
2024-10-01,4059.873046875,TCS.NS
2024-10-03,4007.65625,TCS.NS
2024-10-04,4026.119384765625,TCS.NS
2024-10-07,4045.62353515625,TCS.NS
2024-10-08,4027.065673828125,TCS.NS
2024-10-09,4026.781982421875,TCS.NS
2024-10-10,4002.59033203125,TCS.NS
2024-10-11,3928.549560546875,TCS.NS
2024-10-14,3916.666259765625,TCS.NS
2024-10-15,3897.871826171875,TCS.NS
2024-10-16,3877.18408203125,TCS.NS
2024-10-17,3890.48681640625,TCS.NS
2024-10-18,3913.313232421875,TCS.NS
2024-10-21,3872.31103515625,TCS.NS
2024-10-22,3811.234375,TCS.NS
2024-10-23,3859.403076171875,TCS.NS
2024-10-24,3841.986328125,TCS.NS
2024-10-25,3851.1455078125,TCS.NS
2024-10-28,3882.75146484375,TCS.NS
2024-10-29,3867.945068359375,TCS.NS
2024-10-30,3876.86669921875,TCS.NS
2024-10-31,3766.57763671875,TCS.NS
2024-11-01,3781.526611328125,TCS.NS
2024-11-04,3762.496337890625,TCS.NS
2024-11-05,3769.330322265625,TCS.NS
2024-11-06,3929.06884765625,TCS.NS
2024-11-07,3939.74658203125,TCS.NS
2024-11-08,3936.045166015625,TCS.NS
2024-11-11,3985.115234375,TCS.NS
2024-11-12,3983.880859375,TCS.NS
2024-11-13,3939.224853515625,TCS.NS
2024-11-14,3935.000732421875,TCS.NS
2024-11-18,3815.031005859375,TCS.NS
2024-11-19,3834.06103515625,TCS.NS
2024-11-21,3865.6669921875,TCS.NS
2024-11-22,4028.6806640625,TCS.NS
2024-11-25,4095.593994140625,TCS.NS
2024-11-26,4131.2822265625,TCS.NS
2024-11-27,4112.15625,TCS.NS
2024-11-28,4028.965087890625,TCS.NS
2024-11-29,4053.594482421875,TCS.NS
2024-12-02,4059.10009765625,TCS.NS
2024-12-03,4083.8720703125,TCS.NS
2024-12-04,4132.89501953125,TCS.NS
2024-12-05,4236.96630859375,TCS.NS
2024-12-06,4219.3603515625,TCS.NS
2024-12-09,4225.67236328125,TCS.NS
2024-12-10,4207.0693359375,TCS.NS
2024-12-11,4202.22900390625,TCS.NS
2024-12-12,4228.32958984375,TCS.NS
2024-12-13,4246.31591796875,TCS.NS
2024-12-16,4190.60205078125,TCS.NS
2024-12-17,4108.31201171875,TCS.NS
2024-12-18,4126.6787109375,TCS.NS
2024-12-19,4054.59130859375,TCS.NS
2024-12-20,3958.159912109375,TCS.NS
2024-12-23,3946.77001953125,TCS.NS
2024-12-24,3966.89208984375,TCS.NS
2024-12-26,3957.02099609375,TCS.NS
2024-12-27,3952.9873046875,TCS.NS
2024-12-30,3947.24462890625,TCS.NS
2024-12-31,3886.50048828125,TCS.NS
2025-01-01,3903.252685546875,TCS.NS
2025-01-02,3963.332275390625,TCS.NS
2025-01-03,3891.340576171875,TCS.NS
2025-01-06,3886.6904296875,TCS.NS
2025-01-07,3823.383056640625,TCS.NS
2025-01-08,3899.408447265625,TCS.NS
2025-01-09,3833.396728515625,TCS.NS
2025-01-10,4048.65966796875,TCS.NS
2025-01-13,4072.81494140625,TCS.NS
2025-01-14,4017.717529296875,TCS.NS
2025-01-15,4033.42578125,TCS.NS
2025-01-16,3992.328369140625,TCS.NS
2025-01-17,3986.52880859375,TCS.NS
2025-01-20,3941.582275390625,TCS.NS
2025-01-21,3901.033447265625,TCS.NS
2025-01-22,4017.749755859375,TCS.NS
2025-01-23,4006.972412109375,TCS.NS
2025-01-24,4013.642578125,TCS.NS
2025-01-27,3929.354736328125,TCS.NS
2025-01-28,3905.335205078125,TCS.NS
2025-01-29,3962.84716796875,TCS.NS
2025-01-30,3963.088623046875,TCS.NS
2025-01-31,3975.026123046875,TCS.NS
2025-02-01,3937.087646484375,TCS.NS
2025-02-03,3932.73779296875,TCS.NS
2025-02-04,3969.85498046875,TCS.NS
2025-02-05,3954.43798828125,TCS.NS
2025-02-06,3946.3671875,TCS.NS
2025-02-07,3894.798828125,TCS.NS
2025-02-10,3902.096923828125,TCS.NS
2025-02-11,3831.14892578125,TCS.NS
2025-02-12,3818.1962890625,TCS.NS
2025-02-13,3779.53271484375,TCS.NS
2025-02-14,3803.407470703125,TCS.NS
2025-02-17,3774.071533203125,TCS.NS
2025-02-18,3743.81689453125,TCS.NS
2025-02-19,3657.693359375,TCS.NS
2025-02-20,3653.150146484375,TCS.NS
2025-02-21,3659.52978515625,TCS.NS
2025-02-24,3552.81787109375,TCS.NS
2025-02-25,3508.305908203125,TCS.NS
2025-02-27,3491.87353515625,TCS.NS
2025-02-28,3366.89306640625,TCS.NS
2025-03-03,3376.365966796875,TCS.NS
2025-03-04,3414.06298828125,TCS.NS
2025-03-05,3428.561767578125,TCS.NS
2025-03-06,3481.28955078125,TCS.NS
2025-03-07,3490.56884765625,TCS.NS
2025-03-10,3469.738525390625,TCS.NS
2025-03-11,3455.8681640625,TCS.NS
2025-03-12,3389.076416015625,TCS.NS
2025-03-13,3393.764404296875,TCS.NS
2025-03-17,3380.8603515625,TCS.NS
2025-03-18,3380.8603515625,TCS.NS
2025-03-19,3380.2802734375,TCS.NS
2025-03-20,3444.123779296875,TCS.NS
2025-03-21,3458.574951171875,TCS.NS
2025-03-24,3507.7255859375,TCS.NS
2025-03-25,3535.563720703125,TCS.NS
2025-03-26,3514.346923828125,TCS.NS
2025-03-27,3529.232666015625,TCS.NS
2025-03-28,3485.6875,TCS.NS
2025-04-01,3432.1865234375,TCS.NS
2025-04-02,3425.565673828125,TCS.NS
2025-04-03,3289.46826171875,TCS.NS
2025-04-04,3189.184326171875,TCS.NS
2025-04-07,3164.681396484375,TCS.NS
2025-04-08,3182.94970703125,TCS.NS
2025-04-09,3138.148193359375,TCS.NS
2025-04-11,3123.552734375,TCS.NS
2025-04-15,3139.69482421875,TCS.NS
2025-04-16,3164.439453125,TCS.NS
2025-04-17,3188.701171875,TCS.NS
2025-04-21,3210.642822265625,TCS.NS
2025-04-22,3203.68359375,TCS.NS
2025-04-23,3298.98974609375,TCS.NS
2025-04-24,3287.970703125,TCS.NS
2025-04-25,3332.820556640625,TCS.NS
2025-04-28,3328.470703125,TCS.NS
2025-04-29,3356.502197265625,TCS.NS
2025-04-30,3338.330078125,TCS.NS
2025-05-02,3316.388427734375,TCS.NS
2025-05-05,3338.909912109375,TCS.NS
2025-05-06,3344.419677734375,TCS.NS
2025-05-07,3330.017333984375,TCS.NS
2025-05-08,3333.690185546875,TCS.NS
2025-05-09,3325.3779296875,TCS.NS
2025-05-12,3499.46142578125,TCS.NS
2025-05-13,3397.58251953125,TCS.NS
2025-05-14,3430.15673828125,TCS.NS
2025-05-15,3460.314208984375,TCS.NS
2025-05-16,3442.335693359375,TCS.NS
2025-05-19,3401.255615234375,TCS.NS
2025-05-20,3381.440185546875,TCS.NS
2025-05-21,3408.021484375,TCS.NS
2025-05-22,3360.851806640625,TCS.NS
2025-05-23,3397.19580078125,TCS.NS
2025-05-26,3419.137451171875,TCS.NS
2025-05-27,3381.826904296875,TCS.NS
2025-05-28,3380.8603515625,TCS.NS
2025-05-29,3381.2470703125,TCS.NS
2025-05-30,3347.7060546875,TCS.NS
2025-06-02,3334.560546875,TCS.NS
2025-06-03,3291.4501953125,TCS.NS
2025-06-04,3297.0087890625,TCS.NS
2025-06-05,3287.451904296875,TCS.NS
2025-06-06,3300.226806640625,TCS.NS
2025-06-09,3336.991455078125,TCS.NS
2025-06-10,3376.97412109375,TCS.NS
2025-06-11,3385.750732421875,TCS.NS
2025-06-12,3348.986083984375,TCS.NS
2025-06-13,3360.200927734375,TCS.NS
2025-06-16,3409.54541015625,TCS.NS
2025-06-17,3428.073974609375,TCS.NS
2025-06-18,3365.75927734375,TCS.NS
2025-06-19,3339.039306640625,TCS.NS
2025-06-20,3350.448974609375,TCS.NS
2025-06-23,3309.393798828125,TCS.NS
2025-06-24,3306.27294921875,TCS.NS
2025-06-25,3359.3232421875,TCS.NS
2025-06-26,3356.397705078125,TCS.NS
2025-06-27,3355.71533203125,TCS.NS
2025-06-30,3376.096435546875,TCS.NS
2025-07-01,3344.59814453125,TCS.NS
2025-07-02,3338.356689453125,TCS.NS
2025-07-03,3316.4150390625,TCS.NS
2025-07-04,3334.943603515625,TCS.NS
2025-07-07,3327.044677734375,TCS.NS
2025-07-08,3321.680908203125,TCS.NS
2025-07-09,3299.8369140625,TCS.NS
2025-07-10,3298.081298828125,TCS.NS
2025-07-11,3184.959716796875,TCS.NS
2025-07-14,3142.734130859375,TCS.NS
2025-07-15,3171.599853515625,TCS.NS
2025-07-16,3163.576171875,TCS.NS
2025-07-17,3140.18994140625,TCS.NS
2025-07-18,3121.304931640625,TCS.NS
2025-07-21,3090.28662109375,TCS.NS
2025-07-22,3091.65673828125,TCS.NS
2025-07-23,3110.7373046875,TCS.NS
2025-07-24,3080.30615234375,TCS.NS
2025-07-25,3068.368408203125,TCS.NS
2025-07-28,3013.083251953125,TCS.NS
2025-07-29,2990.284423828125,TCS.NS
2025-07-30,2987.93603515625,TCS.NS
2025-07-31,2971.497314453125,TCS.NS
2025-08-01,2938.424072265625,TCS.NS
2025-08-04,3008.28857421875,TCS.NS
2025-08-05,2998.014404296875,TCS.NS
2025-08-06,2967.093994140625,TCS.NS
2025-08-07,2981.47802734375,TCS.NS
2025-08-08,2971.105712890625,TCS.NS
2025-08-11,2975.411376953125,TCS.NS
2025-08-12,2970.127197265625,TCS.NS
2025-08-13,2970.91015625,TCS.NS
2025-08-14,2957.30908203125,TCS.NS
2025-08-18,2946.44775390625,TCS.NS
2025-08-19,2951.34033203125,TCS.NS
2025-08-20,3031.96826171875,TCS.NS
2025-08-21,3035.882568359375,TCS.NS
2025-08-22,2988.327392578125,TCS.NS
2025-08-25,3073.065185546875,TCS.NS
2025-08-26,3089.308349609375,TCS.NS
2025-08-28,3027.173583984375,TCS.NS
2025-08-29,3018.3671875,TCS.NS
2025-09-01,3045.667236328125,TCS.NS
2025-09-02,3044.5908203125,TCS.NS
2025-09-03,3030.891845703125,TCS.NS
2025-09-04,3029.130859375,TCS.NS
2025-09-05,2982.75,TCS.NS
2025-09-08,2954.080078125,TCS.NS
2025-09-09,2983.826171875,TCS.NS
2025-09-10,3043.123291015625,TCS.NS
2025-09-11,3057.017822265625,TCS.NS
2025-09-12,3066.02001953125,TCS.NS
2025-09-15,3044.982177734375,TCS.NS
2025-09-16,3078.0556640625,TCS.NS
2025-09-17,3104.57275390625,TCS.NS
2025-09-18,3108.388916015625,TCS.NS
2025-09-19,3101.050048828125,TCS.NS
2025-09-22,3007.70166015625,TCS.NS
2025-09-23,2996.546630859375,TCS.NS
2025-09-24,2970.127197265625,TCS.NS
2025-09-25,2893.804443359375,TCS.NS
2025-09-26,2836.758544921875,TCS.NS
2025-09-29,2833.82275390625,TCS.NS
2025-09-30,2826.288330078125,TCS.NS
2025-10-01,2851.53369140625,TCS.NS
2025-10-03,2839.498046875,TCS.NS
2025-10-06,2924.137939453125,TCS.NS
2025-10-07,2909.75390625,TCS.NS
2025-10-08,2962.103515625,TCS.NS
2025-10-09,2995.86181640625,TCS.NS
2025-10-10,2963.179931640625,TCS.NS
2025-10-13,2942.533935546875,TCS.NS
2025-10-14,2896.642333984375,TCS.NS
2025-10-15,2916.7763671875,TCS.NS
2025-10-16,2917.66015625,TCS.NS
2025-10-17,2909.311767578125,TCS.NS
2025-10-20,2961.365478515625,TCS.NS
2025-10-21,2953.017333984375,TCS.NS
2025-10-23,3018.330078125,TCS.NS
2025-10-24,3008.508544921875,TCS.NS
2025-10-27,3029.821044921875,TCS.NS
2025-10-28,3003.30322265625,TCS.NS
2025-10-29,3003.0087890625,TCS.NS
2025-10-30,2981.106689453125,TCS.NS
2025-10-31,3003.4013671875,TCS.NS
2025-11-03,2962.93701171875,TCS.NS
2025-11-04,2936.81201171875,TCS.NS
2025-11-06,2957.142333984375,TCS.NS
2025-11-07,2938.383544921875,TCS.NS
2025-11-10,2971.18701171875,TCS.NS
2025-11-11,2992.597900390625,TCS.NS
2025-11-12,3075.8837890625,TCS.NS
2025-11-13,3050.249755859375,TCS.NS
2025-11-14,3050.54443359375,TCS.NS
2025-11-17,3046.812255859375,TCS.NS
2025-11-18,3031.98193359375,TCS.NS
2025-11-19,3091.499755859375,TCS.NS
2025-11-20,3088.65185546875,TCS.NS
2025-11-21,3094.34814453125,TCS.NS
2025-11-24,3085.115966796875,TCS.NS
2025-11-25,3063.5087890625,TCS.NS
2025-11-26,3106.428466796875,TCS.NS
2025-11-27,3080.59814453125,TCS.NS
2025-11-28,3081.48193359375,TCS.NS
2025-12-01,3077.455078125,TCS.NS
2025-12-02,3079.714111328125,TCS.NS
2025-12-03,3123.22314453125,TCS.NS
2025-12-04,3171.544677734375,TCS.NS
2025-12-05,3180.384033203125,TCS.NS
2025-12-08,3178.71435546875,TCS.NS
2025-12-09,3151.01806640625,TCS.NS
2025-12-10,3132.259033203125,TCS.NS
2025-12-11,3134.91064453125,TCS.NS
2025-12-12,3163.0,TCS.NS
2025-12-15,3172.52685546875,TCS.NS
2025-12-16,3147.875244140625,TCS.NS
2025-12-17,3160.348388671875,TCS.NS
2025-12-18,3222.2236328125,TCS.NS
2025-12-19,3223.402099609375,TCS.NS
2025-12-22,3265.5361328125,TCS.NS
2025-12-23,3250.902099609375,TCS.NS
2025-12-24,3259.741455078125,TCS.NS
2025-12-26,3221.437744140625,TCS.NS
2025-12-29,3193.446533203125,TCS.NS
2025-12-30,3188.83056640625,TCS.NS
2025-12-31,3148.955322265625,TCS.NS
2026-01-01,3169.77685546875,TCS.NS
2026-01-02,3192.660888671875,TCS.NS
2026-01-05,3158.6787109375,TCS.NS
2026-01-06,3197.669921875,TCS.NS
2026-01-07,3236.75927734375,TCS.NS
2026-01-08,3146.6962890625,TCS.NS
2026-01-09,3150.52685546875,TCS.NS
2026-01-12,3181.75927734375,TCS.NS
2026-01-13,3209.652099609375,TCS.NS
2026-01-14,3135.5,TCS.NS
2026-01-15,3135.5,TCS.NS
2026-01-16,3206.699951171875,TCS.NS
2026-01-19,3163.60009765625,TCS.NS
2026-01-20,3102.300048828125,TCS.NS
2026-01-21,3122.60009765625,TCS.NS
2026-01-22,3150.39990234375,TCS.NS
2026-01-23,3162.5,TCS.NS
2026-01-27,3158.0,TCS.NS
2026-01-28,3200.10009765625,TCS.NS
2026-01-29,3144.39990234375,TCS.NS
2026-01-30,3123.89990234375,TCS.NS
2026-02-02,3169.60009765625,TCS.NS
2026-02-03,3225.300048828125,TCS.NS
2026-02-04,2999.10009765625,TCS.NS
2026-02-05,2991.5,TCS.NS
2026-02-06,2941.60009765625,TCS.NS
2026-02-09,2948.199951171875,TCS.NS
2026-02-10,2984.60009765625,TCS.NS
2026-02-11,2909.800048828125,TCS.NS
2026-02-12,2750.10009765625,TCS.NS
2026-02-13,2692.199951171875,TCS.NS
2026-02-16,2706.60009765625,TCS.NS
2026-02-17,2717.39990234375,TCS.NS
2026-02-18,2694.89990234375,TCS.NS
2026-02-19,2677.89990234375,TCS.NS
2026-02-20,2686.199951171875,TCS.NS
2026-02-23,2676.300048828125,TCS.NS
2026-02-24,2573.699951171875,TCS.NS
2026-02-25,2629.300048828125,TCS.NS
2026-02-26,2647.699951171875,TCS.NS
2026-02-27,2637.39990234375,TCS.NS
2026-03-02,2613.5,TCS.NS
2026-03-04,2587.800048828125,TCS.NS
2026-03-05,2578.800048828125,TCS.NS
2026-03-06,2557.60009765625,TCS.NS
2026-03-09,2527.39990234375,TCS.NS
2026-03-10,2513.10009765625,TCS.NS
2026-03-11,2464.89990234375,TCS.NS
2026-03-12,2442.39990234375,TCS.NS
2026-03-13,2410.5,TCS.NS
2026-03-16,2409.199951171875,TCS.NS
2026-03-17,2391.699951171875,TCS.NS
2026-03-18,2440.800048828125,TCS.NS
2026-03-19,2356.0,TCS.NS
2026-03-20,2390.60009765625,TCS.NS
2026-03-23,2383.800048828125,TCS.NS
2026-03-24,2398.800048828125,TCS.NS
2026-03-25,2377.39990234375,TCS.NS
2026-03-27,2389.800048828125,TCS.NS
2026-03-30,2358.89990234375,TCS.NS
2026-04-01,2408.199951171875,TCS.NS
2026-04-02,2450.699951171875,TCS.NS
2026-04-06,2473.89990234375,TCS.NS
2026-04-07,2539.800048828125,TCS.NS
2026-04-08,2559.199951171875,TCS.NS
2026-04-09,2589.0,TCS.NS
2026-04-10,2524.300048828125,TCS.NS
2026-04-13,2472.60009765625,TCS.NS
2026-04-15,2554.89990234375,TCS.NS
2026-04-16,2576.89990234375,TCS.NS
2026-04-17,2581.5,TCS.NS
2026-04-20,2579.60009765625,TCS.NS
2026-04-21,2610.5,TCS.NS
2026-04-22,2538.5,TCS.NS
2026-04-23,2521.800048828125,TCS.NS
2026-04-24,2396.89990234375,TCS.NS
2026-04-27,2447.60009765625,TCS.NS
2026-04-28,2444.699951171875,TCS.NS
2026-04-29,2474.699951171875,TCS.NS
2026-04-30,2473.89990234375,TCS.NS
2026-05-01,2473.89990234375,TCS.NS
2026-05-04,2431.300048828125,TCS.NS
2026-05-05,2427.300048828125,TCS.NS
2026-05-06,2426.39990234375,TCS.NS
2024-05-06,1409.095703125,RELIANCE.NS
2024-05-07,1391.17822265625,RELIANCE.NS
2024-05-08,1408.1279296875,RELIANCE.NS
2024-05-09,1383.88232421875,RELIANCE.NS
2024-05-10,1397.0845947265625,RELIANCE.NS
2024-05-13,1392.394287109375,RELIANCE.NS
2024-05-14,1409.6414794921875,RELIANCE.NS
2024-05-15,1405.86962890625,RELIANCE.NS
2024-05-16,1414.8778076171875,RELIANCE.NS
2024-05-17,1425.15185546875,RELIANCE.NS
2024-05-21,1425.57373046875,RELIANCE.NS
2024-05-22,1449.9185791015625,RELIANCE.NS
2024-05-23,1475.1319580078125,RELIANCE.NS
2024-05-24,1469.37451171875,RELIANCE.NS
2024-05-27,1455.4774169921875,RELIANCE.NS
2024-05-28,1445.5010986328125,RELIANCE.NS
2024-05-29,1430.1895751953125,RELIANCE.NS
2024-05-30,1414.3814697265625,RELIANCE.NS
2024-05-31,1419.8907470703125,RELIANCE.NS
2024-06-03,1499.228515625,RELIANCE.NS
2024-06-04,1387.0091552734375,RELIANCE.NS
2024-06-05,1410.3116455078125,RELIANCE.NS
2024-06-06,1421.0819091796875,RELIANCE.NS
2024-06-07,1459.1500244140625,RELIANCE.NS
2024-06-10,1460.5894775390625,RELIANCE.NS
2024-06-11,1445.9727783203125,RELIANCE.NS
2024-06-12,1452.5738525390625,RELIANCE.NS
2024-06-13,1454.4847412109375,RELIANCE.NS
2024-06-14,1466.6944580078125,RELIANCE.NS
2024-06-18,1470.1439208984375,RELIANCE.NS
2024-06-19,1447.9332275390625,RELIANCE.NS
2024-06-20,1462.8726806640625,RELIANCE.NS
2024-06-21,1443.515869140625,RELIANCE.NS
2024-06-24,1430.88427734375,RELIANCE.NS
2024-06-25,1443.46630859375,RELIANCE.NS
2024-06-26,1502.9013671875,RELIANCE.NS
2024-06-27,1519.304931640625,RELIANCE.NS
2024-06-28,1553.89892578125,RELIANCE.NS
2024-07-01,1548.6875,RELIANCE.NS
2024-07-02,1553.6756591796875,RELIANCE.NS
2024-07-03,1541.019287109375,RELIANCE.NS
2024-07-04,1542.6075439453125,RELIANCE.NS
2024-07-05,1576.9532470703125,RELIANCE.NS
2024-07-08,1589.13818359375,RELIANCE.NS
2024-07-09,1578.5911865234375,RELIANCE.NS
2024-07-10,1572.5855712890625,RELIANCE.NS
2024-07-11,1569.036865234375,RELIANCE.NS
2024-07-12,1584.9937744140625,RELIANCE.NS
2024-07-15,1585.4901123046875,RELIANCE.NS
2024-07-16,1564.669189453125,RELIANCE.NS
2024-07-18,1575.0177001953125,RELIANCE.NS
2024-07-19,1543.7242431640625,RELIANCE.NS
2024-07-22,1489.6495361328125,RELIANCE.NS
2024-07-23,1476.96826171875,RELIANCE.NS
2024-07-24,1484.7109375,RELIANCE.NS
2024-07-25,1481.4351806640625,RELIANCE.NS
2024-07-26,1497.9381103515625,RELIANCE.NS
2024-07-29,1508.9317626953125,RELIANCE.NS
2024-07-30,1502.03271484375,RELIANCE.NS
2024-07-31,1494.364501953125,RELIANCE.NS
2024-08-01,1504.1671142578125,RELIANCE.NS
2024-08-02,1488.3092041015625,RELIANCE.NS
2024-08-05,1436.6912841796875,RELIANCE.NS
2024-08-06,1445.3524169921875,RELIANCE.NS
2024-08-07,1454.062744140625,RELIANCE.NS
2024-08-08,1438.478271484375,RELIANCE.NS
2024-08-09,1463.46826171875,RELIANCE.NS
2024-08-12,1449.8936767578125,RELIANCE.NS
2024-08-13,1452.8717041015625,RELIANCE.NS
2024-08-14,1451.1097412109375,RELIANCE.NS
2024-08-16,1467.339599609375,RELIANCE.NS
2024-08-19,1482.4791259765625,RELIANCE.NS
2024-08-20,1489.9990234375,RELIANCE.NS
2024-08-21,1492.7132568359375,RELIANCE.NS
2024-08-22,1492.1654052734375,RELIANCE.NS
2024-08-23,1494.008056640625,RELIANCE.NS
2024-08-26,1506.5828857421875,RELIANCE.NS
2024-08-27,1494.481201171875,RELIANCE.NS
2024-08-28,1492.33984375,RELIANCE.NS
2024-08-29,1514.874755859375,RELIANCE.NS
2024-08-30,1503.6197509765625,RELIANCE.NS
2024-09-02,1510.2183837890625,RELIANCE.NS
2024-09-03,1503.1217041015625,RELIANCE.NS
2024-09-04,1508.525146484375,RELIANCE.NS
2024-09-05,1487.035888671875,RELIANCE.NS
2024-09-06,1458.997802734375,RELIANCE.NS
2024-09-09,1456.63232421875,RELIANCE.NS
2024-09-10,1455.7110595703125,RELIANCE.NS
2024-09-11,1445.7259521484375,RELIANCE.NS
2024-09-12,1473.913330078125,RELIANCE.NS
2024-09-13,1466.766845703125,RELIANCE.NS
2024-09-16,1465.4969482421875,RELIANCE.NS
2024-09-17,1466.4432373046875,RELIANCE.NS
2024-09-18,1457.6282958984375,RELIANCE.NS
2024-09-19,1463.82861328125,RELIANCE.NS
2024-09-20,1480.0140380859375,RELIANCE.NS
2024-09-23,1487.434326171875,RELIANCE.NS
2024-09-24,1483.4501953125,RELIANCE.NS
2024-09-25,1488.0069580078125,RELIANCE.NS
2024-09-26,1491.9910888671875,RELIANCE.NS
2024-09-27,1520.1038818359375,RELIANCE.NS
2024-09-30,1470.701171875,RELIANCE.NS
2024-10-01,1458.997802734375,RELIANCE.NS
2024-10-03,1401.3780517578125,RELIANCE.NS
2024-10-04,1381.0093994140625,RELIANCE.NS
2024-10-07,1365.272216796875,RELIANCE.NS
2024-10-08,1391.791259765625,RELIANCE.NS
2024-10-09,1369.1318359375,RELIANCE.NS
2024-10-10,1365.595947265625,RELIANCE.NS
2024-10-11,1366.6417236328125,RELIANCE.NS
2024-10-14,1367.0650634765625,RELIANCE.NS
2024-10-15,1338.678466796875,RELIANCE.NS
2024-10-16,1348.6884765625,RELIANCE.NS
2024-10-17,1351.0291748046875,RELIANCE.NS
2024-10-18,1353.8927001953125,RELIANCE.NS
2024-10-21,1363.7532958984375,RELIANCE.NS
2024-10-22,1338.006103515625,RELIANCE.NS
2024-10-23,1333.2003173828125,RELIANCE.NS
2024-10-24,1334.4703369140625,RELIANCE.NS
2024-10-25,1322.5677490234375,RELIANCE.NS
2024-10-28,1329.0418701171875,RELIANCE.NS
2024-10-29,1334.66943359375,RELIANCE.NS
2024-10-30,1338.553955078125,RELIANCE.NS
2024-10-31,1326.7510986328125,RELIANCE.NS
2024-11-01,1333.3248291015625,RELIANCE.NS
2024-11-04,1296.9700927734375,RELIANCE.NS
2024-11-05,1300.1075439453125,RELIANCE.NS
2024-11-06,1320.0777587890625,RELIANCE.NS
2024-11-07,1300.4561767578125,RELIANCE.NS
2024-11-08,1278.6431884765625,RELIANCE.NS
2024-11-11,1267.6370849609375,RELIANCE.NS
2024-11-12,1269.1810302734375,RELIANCE.NS
2024-11-13,1247.0693359375,RELIANCE.NS
2024-11-14,1262.5574951171875,RELIANCE.NS
2024-11-18,1255.7347412109375,RELIANCE.NS
2024-11-19,1236.710693359375,RELIANCE.NS
2024-11-21,1218.1348876953125,RELIANCE.NS
2024-11-22,1260.3662109375,RELIANCE.NS
2024-11-25,1281.8802490234375,RELIANCE.NS
2024-11-26,1290.545654296875,RELIANCE.NS
2024-11-27,1288.0555419921875,RELIANCE.NS
2024-11-28,1265.7447509765625,RELIANCE.NS
2024-11-29,1287.0595703125,RELIANCE.NS
2024-12-02,1303.9422607421875,RELIANCE.NS
2024-12-03,1318.035888671875,RELIANCE.NS
2024-12-04,1303.742919921875,RELIANCE.NS
2024-12-05,1316.7908935546875,RELIANCE.NS
2024-12-06,1306.3326416015625,RELIANCE.NS
2024-12-09,1289.9979248046875,RELIANCE.NS
2024-12-10,1279.73876953125,RELIANCE.NS
2024-12-11,1273.115234375,RELIANCE.NS
2024-12-12,1257.876220703125,RELIANCE.NS
2024-12-13,1267.78662109375,RELIANCE.NS
2024-12-16,1263.2547607421875,RELIANCE.NS
2024-12-17,1240.34619140625,RELIANCE.NS
2024-12-18,1248.2645263671875,RELIANCE.NS
2024-12-19,1225.55517578125,RELIANCE.NS
2024-12-20,1200.50537109375,RELIANCE.NS
2024-12-23,1217.437744140625,RELIANCE.NS
2024-12-24,1217.8858642578125,RELIANCE.NS
2024-12-26,1211.7105712890625,RELIANCE.NS
2024-12-27,1216.1927490234375,RELIANCE.NS
2024-12-30,1205.8837890625,RELIANCE.NS
2024-12-31,1210.6148681640625,RELIANCE.NS
2025-01-01,1216.391845703125,RELIANCE.NS
2025-01-02,1236.860107421875,RELIANCE.NS
2025-01-03,1246.1729736328125,RELIANCE.NS
2025-01-06,1213.15478515625,RELIANCE.NS
2025-01-07,1235.913818359375,RELIANCE.NS
2025-01-08,1260.4658203125,RELIANCE.NS
2025-01-09,1249.758544921875,RELIANCE.NS
2025-01-10,1236.959716796875,RELIANCE.NS
2025-01-13,1234.9178466796875,RELIANCE.NS
2025-01-14,1233.822265625,RELIANCE.NS
2025-01-15,1247.2186279296875,RELIANCE.NS
2025-01-16,1261.4119873046875,RELIANCE.NS
2025-01-17,1297.169189453125,RELIANCE.NS
2025-01-20,1300.2568359375,RELIANCE.NS
2025-01-21,1268.6331787109375,RELIANCE.NS
2025-01-22,1272.0196533203125,RELIANCE.NS
2025-01-23,1258.6231689453125,RELIANCE.NS
2025-01-24,1241.34228515625,RELIANCE.NS
2025-01-27,1224.4595947265625,RELIANCE.NS
2025-01-28,1229.4896240234375,RELIANCE.NS
2025-01-29,1230.585205078125,RELIANCE.NS
2025-01-30,1248.0654296875,RELIANCE.NS
2025-01-31,1260.0673828125,RELIANCE.NS
2025-02-01,1259.5693359375,RELIANCE.NS
2025-02-03,1240.94384765625,RELIANCE.NS
2025-02-04,1280.08740234375,RELIANCE.NS
2025-02-05,1273.115234375,RELIANCE.NS
2025-02-06,1276.4520263671875,RELIANCE.NS
2025-02-07,1261.6610107421875,RELIANCE.NS
2025-02-10,1248.6629638671875,RELIANCE.NS
2025-02-11,1229.937744140625,RELIANCE.NS
2025-02-12,1211.7105712890625,RELIANCE.NS
2025-02-13,1211.2623291015625,RELIANCE.NS
2025-02-14,1212.40771484375,RELIANCE.NS
2025-02-17,1220.02734375,RELIANCE.NS
2025-02-18,1220.525390625,RELIANCE.NS
2025-02-19,1222.567138671875,RELIANCE.NS
2025-02-20,1228.0950927734375,RELIANCE.NS
2025-02-21,1223.264404296875,RELIANCE.NS
2025-02-24,1209.718505859375,RELIANCE.NS
2025-02-25,1199.21044921875,RELIANCE.NS
2025-02-27,1202.298095703125,RELIANCE.NS
2025-02-28,1195.325927734375,RELIANCE.NS
2025-03-03,1166.5906982421875,RELIANCE.NS
2025-03-04,1157.2779541015625,RELIANCE.NS
2025-03-05,1170.9234619140625,RELIANCE.NS
2025-03-06,1204.7882080078125,RELIANCE.NS
2025-03-07,1244.828369140625,RELIANCE.NS
2025-03-10,1233.4736328125,RELIANCE.NS
2025-03-11,1242.3382568359375,RELIANCE.NS
2025-03-12,1252.0494384765625,RELIANCE.NS
2025-03-13,1242.9359130859375,RELIANCE.NS
2025-03-17,1233.9217529296875,RELIANCE.NS
2025-03-18,1233.9217529296875,RELIANCE.NS
2025-03-19,1242.1888427734375,RELIANCE.NS
2025-03-20,1264.101318359375,RELIANCE.NS
2025-03-21,1271.2725830078125,RELIANCE.NS
2025-03-24,1296.920166015625,RELIANCE.NS
2025-03-25,1280.33642578125,RELIANCE.NS
2025-03-26,1267.98583984375,RELIANCE.NS
2025-03-27,1273.115234375,RELIANCE.NS
2025-03-28,1270.027587890625,RELIANCE.NS
2025-04-01,1247.6170654296875,RELIANCE.NS
2025-04-02,1246.1729736328125,RELIANCE.NS
2025-04-03,1243.732666015625,RELIANCE.NS
2025-04-04,1199.9075927734375,RELIANCE.NS
2025-04-07,1161.062744140625,RELIANCE.NS
2025-04-08,1177.4971923828125,RELIANCE.NS
2025-04-09,1180.6346435546875,RELIANCE.NS
2025-04-11,1214.1009521484375,RELIANCE.NS
2025-04-15,1235.1668701171875,RELIANCE.NS
2025-04-16,1234.3701171875,RELIANCE.NS
2025-04-17,1269.4300537109375,RELIANCE.NS
2025-04-21,1290.346435546875,RELIANCE.NS
2025-04-22,1286.0635986328125,RELIANCE.NS
2025-04-23,1294.82861328125,RELIANCE.NS
2025-04-24,1296.4222412109375,RELIANCE.NS
2025-04-25,1295.22705078125,RELIANCE.NS
2025-04-28,1363.35498046875,RELIANCE.NS
2025-04-29,1394.1319580078125,RELIANCE.NS
2025-04-30,1399.410888671875,RELIANCE.NS
2025-05-02,1414.152099609375,RELIANCE.NS
2025-05-05,1425.6063232421875,RELIANCE.NS
2025-05-06,1415.2476806640625,RELIANCE.NS
2025-05-07,1400.4068603515625,RELIANCE.NS
2025-05-08,1401.4029541015625,RELIANCE.NS
2025-05-09,1371.721435546875,RELIANCE.NS
2025-05-12,1430.7855224609375,RELIANCE.NS
2025-05-13,1410.0682373046875,RELIANCE.NS
2025-05-14,1418.7337646484375,RELIANCE.NS
2025-05-15,1448.4151611328125,RELIANCE.NS
2025-05-16,1450.6064453125,RELIANCE.NS
2025-05-19,1435.0684814453125,RELIANCE.NS
2025-05-20,1418.932861328125,RELIANCE.NS
2025-05-21,1423.5145263671875,RELIANCE.NS
2025-05-22,1403.79345703125,RELIANCE.NS
2025-05-23,1421.124267578125,RELIANCE.NS
2025-05-26,1429.0924072265625,RELIANCE.NS
2025-05-27,1416.44287109375,RELIANCE.NS
2025-05-28,1407.279541015625,RELIANCE.NS
2025-05-29,1412.1600341796875,RELIANCE.NS
2025-05-30,1415.2476806640625,RELIANCE.NS
2025-06-02,1408.0762939453125,RELIANCE.NS
2025-06-03,1399.908935546875,RELIANCE.NS
2025-06-04,1417.8372802734375,RELIANCE.NS
2025-06-05,1436.662109375,RELIANCE.NS
2025-06-06,1437.7576904296875,RELIANCE.NS
2025-06-09,1443.0367431640625,RELIANCE.NS
2025-06-10,1432.777587890625,RELIANCE.NS
2025-06-11,1443.13623046875,RELIANCE.NS
2025-06-12,1435.865234375,RELIANCE.NS
2025-06-13,1422.2198486328125,RELIANCE.NS
2025-06-16,1432.0804443359375,RELIANCE.NS
2025-06-17,1425.506591796875,RELIANCE.NS
2025-06-18,1424.4110107421875,RELIANCE.NS
2025-06-19,1427.598388671875,RELIANCE.NS
2025-06-20,1460.367431640625,RELIANCE.NS
2025-06-23,1451.0048828125,RELIANCE.NS
2025-06-24,1445.0286865234375,RELIANCE.NS
2025-06-25,1461.463134765625,RELIANCE.NS
2025-06-26,1489.3516845703125,RELIANCE.NS
2025-06-27,1509.3717041015625,RELIANCE.NS
2025-06-30,1494.630615234375,RELIANCE.NS
2025-07-01,1522.320068359375,RELIANCE.NS
2025-07-02,1512.75830078125,RELIANCE.NS
2025-07-03,1511.76220703125,RELIANCE.NS
2025-07-04,1521.2244873046875,RELIANCE.NS
2025-07-07,1535.367919921875,RELIANCE.NS
2025-07-08,1531.4833984375,RELIANCE.NS
2025-07-09,1512.9573974609375,RELIANCE.NS
2025-07-10,1511.16455078125,RELIANCE.NS
2025-07-11,1489.2520751953125,RELIANCE.NS
2025-07-14,1477.7977294921875,RELIANCE.NS
2025-07-15,1479.4910888671875,RELIANCE.NS
2025-07-16,1479.690185546875,RELIANCE.NS
2025-07-17,1470.52685546875,RELIANCE.NS
2025-07-18,1470.12841796875,RELIANCE.NS
2025-07-21,1422.9169921875,RELIANCE.NS
2025-07-22,1407.179931640625,RELIANCE.NS
2025-07-23,1418.932861328125,RELIANCE.NS
2025-07-24,1397.3192138671875,RELIANCE.NS
2025-07-25,1386.1636962890625,RELIANCE.NS
2025-07-28,1382.080078125,RELIANCE.NS
2025-07-29,1411.4627685546875,RELIANCE.NS
2025-07-30,1404.4906005859375,RELIANCE.NS
2025-07-31,1384.669677734375,RELIANCE.NS
2025-08-01,1388.15576171875,RELIANCE.NS
2025-08-04,1405.885009765625,RELIANCE.NS
2025-08-05,1386.1636962890625,RELIANCE.NS
2025-08-06,1387.259521484375,RELIANCE.NS
2025-08-07,1383.8729248046875,RELIANCE.NS
2025-08-08,1362.35888671875,RELIANCE.NS
2025-08-11,1380.6856689453125,RELIANCE.NS
2025-08-12,1374.9088134765625,RELIANCE.NS
2025-08-13,1377.0999755859375,RELIANCE.NS
2025-08-14,1373.800048828125,RELIANCE.NS
2025-08-18,1381.699951171875,RELIANCE.NS
2025-08-19,1420.0999755859375,RELIANCE.NS
2025-08-20,1413.0,RELIANCE.NS
2025-08-21,1424.800048828125,RELIANCE.NS
2025-08-22,1409.199951171875,RELIANCE.NS
2025-08-25,1412.5999755859375,RELIANCE.NS
2025-08-26,1384.9000244140625,RELIANCE.NS
2025-08-28,1385.9000244140625,RELIANCE.NS
2025-08-29,1357.199951171875,RELIANCE.NS
2025-09-01,1353.9000244140625,RELIANCE.NS
2025-09-02,1366.5,RELIANCE.NS
2025-09-03,1372.5999755859375,RELIANCE.NS
2025-09-04,1359.300048828125,RELIANCE.NS
2025-09-05,1375.0,RELIANCE.NS
2025-09-08,1378.5,RELIANCE.NS
2025-09-09,1376.199951171875,RELIANCE.NS
2025-09-10,1377.0,RELIANCE.NS
2025-09-11,1383.300048828125,RELIANCE.NS
2025-09-12,1395.0,RELIANCE.NS
2025-09-15,1399.300048828125,RELIANCE.NS
2025-09-16,1405.300048828125,RELIANCE.NS
2025-09-17,1413.800048828125,RELIANCE.NS
2025-09-18,1415.0,RELIANCE.NS
2025-09-19,1407.4000244140625,RELIANCE.NS
2025-09-22,1390.5999755859375,RELIANCE.NS
2025-09-23,1389.800048828125,RELIANCE.NS
2025-09-24,1383.0,RELIANCE.NS
2025-09-25,1372.4000244140625,RELIANCE.NS
2025-09-26,1377.5999755859375,RELIANCE.NS
2025-09-29,1372.800048828125,RELIANCE.NS
2025-09-30,1364.0,RELIANCE.NS
2025-10-01,1368.699951171875,RELIANCE.NS
2025-10-03,1363.4000244140625,RELIANCE.NS
2025-10-06,1375.0,RELIANCE.NS
2025-10-07,1384.800048828125,RELIANCE.NS
2025-10-08,1367.4000244140625,RELIANCE.NS
2025-10-09,1377.800048828125,RELIANCE.NS
2025-10-10,1381.699951171875,RELIANCE.NS
2025-10-13,1375.0,RELIANCE.NS
2025-10-14,1375.9000244140625,RELIANCE.NS
2025-10-15,1374.300048828125,RELIANCE.NS
2025-10-16,1398.300048828125,RELIANCE.NS
2025-10-17,1416.800048828125,RELIANCE.NS
2025-10-20,1466.800048828125,RELIANCE.NS
2025-10-21,1465.199951171875,RELIANCE.NS
2025-10-23,1448.4000244140625,RELIANCE.NS
2025-10-24,1451.5999755859375,RELIANCE.NS
2025-10-27,1484.0999755859375,RELIANCE.NS
2025-10-28,1486.9000244140625,RELIANCE.NS
2025-10-29,1504.199951171875,RELIANCE.NS
2025-10-30,1488.5,RELIANCE.NS
2025-10-31,1486.4000244140625,RELIANCE.NS
2025-11-03,1484.699951171875,RELIANCE.NS
2025-11-04,1473.0999755859375,RELIANCE.NS
2025-11-06,1496.0999755859375,RELIANCE.NS
2025-11-07,1478.0,RELIANCE.NS
2025-11-10,1489.300048828125,RELIANCE.NS
2025-11-11,1493.4000244140625,RELIANCE.NS
2025-11-12,1511.5,RELIANCE.NS
2025-11-13,1510.9000244140625,RELIANCE.NS
2025-11-14,1518.9000244140625,RELIANCE.NS
2025-11-17,1518.300048828125,RELIANCE.NS
2025-11-18,1519.4000244140625,RELIANCE.NS
2025-11-19,1518.9000244140625,RELIANCE.NS
2025-11-20,1549.0999755859375,RELIANCE.NS
2025-11-21,1546.5999755859375,RELIANCE.NS
2025-11-24,1535.9000244140625,RELIANCE.NS
2025-11-25,1539.699951171875,RELIANCE.NS
2025-11-26,1569.9000244140625,RELIANCE.NS
2025-11-27,1563.4000244140625,RELIANCE.NS
2025-11-28,1567.5,RELIANCE.NS
2025-12-01,1566.0999755859375,RELIANCE.NS
2025-12-02,1546.300048828125,RELIANCE.NS
2025-12-03,1538.800048828125,RELIANCE.NS
2025-12-04,1535.5999755859375,RELIANCE.NS
2025-12-05,1540.5999755859375,RELIANCE.NS
2025-12-08,1543.0,RELIANCE.NS
2025-12-09,1529.4000244140625,RELIANCE.NS
2025-12-10,1536.9000244140625,RELIANCE.NS
2025-12-11,1545.0,RELIANCE.NS
2025-12-12,1556.5,RELIANCE.NS
2025-12-15,1556.199951171875,RELIANCE.NS
2025-12-16,1542.300048828125,RELIANCE.NS
2025-12-17,1544.4000244140625,RELIANCE.NS
2025-12-18,1544.4000244140625,RELIANCE.NS
2025-12-19,1565.0999755859375,RELIANCE.NS
2025-12-22,1575.4000244140625,RELIANCE.NS
2025-12-23,1570.699951171875,RELIANCE.NS
2025-12-24,1558.199951171875,RELIANCE.NS
2025-12-26,1559.199951171875,RELIANCE.NS
2025-12-29,1545.5999755859375,RELIANCE.NS
2025-12-30,1539.800048828125,RELIANCE.NS
2025-12-31,1570.4000244140625,RELIANCE.NS
2026-01-01,1575.5999755859375,RELIANCE.NS
2026-01-02,1592.300048828125,RELIANCE.NS
2026-01-05,1578.0999755859375,RELIANCE.NS
2026-01-06,1507.5999755859375,RELIANCE.NS
2026-01-07,1504.199951171875,RELIANCE.NS
2026-01-08,1470.5999755859375,RELIANCE.NS
2026-01-09,1475.300048828125,RELIANCE.NS
2026-01-12,1483.199951171875,RELIANCE.NS
2026-01-13,1452.800048828125,RELIANCE.NS
2026-01-14,1458.800048828125,RELIANCE.NS
2026-01-15,1458.800048828125,RELIANCE.NS
2026-01-16,1457.9000244140625,RELIANCE.NS
2026-01-19,1413.5999755859375,RELIANCE.NS
2026-01-20,1394.0,RELIANCE.NS
2026-01-21,1404.5999755859375,RELIANCE.NS
2026-01-22,1402.5,RELIANCE.NS
2026-01-23,1386.0999755859375,RELIANCE.NS
2026-01-27,1380.5,RELIANCE.NS
2026-01-28,1396.699951171875,RELIANCE.NS
2026-01-29,1391.0,RELIANCE.NS
2026-01-30,1395.4000244140625,RELIANCE.NS
2026-02-02,1390.4000244140625,RELIANCE.NS
2026-02-03,1437.0999755859375,RELIANCE.NS
2026-02-04,1456.800048828125,RELIANCE.NS
2026-02-05,1443.4000244140625,RELIANCE.NS
2026-02-06,1450.800048828125,RELIANCE.NS
2026-02-09,1461.5999755859375,RELIANCE.NS
2026-02-10,1458.5,RELIANCE.NS
2026-02-11,1468.699951171875,RELIANCE.NS
2026-02-12,1448.9000244140625,RELIANCE.NS
2026-02-13,1419.5999755859375,RELIANCE.NS
2026-02-16,1437.0999755859375,RELIANCE.NS
2026-02-17,1423.0,RELIANCE.NS
2026-02-18,1441.300048828125,RELIANCE.NS
2026-02-19,1409.5,RELIANCE.NS
2026-02-20,1419.4000244140625,RELIANCE.NS
2026-02-23,1428.0,RELIANCE.NS
2026-02-24,1428.800048828125,RELIANCE.NS
2026-02-25,1398.5,RELIANCE.NS
2026-02-26,1406.800048828125,RELIANCE.NS
2026-02-27,1393.9000244140625,RELIANCE.NS
2026-03-02,1358.0,RELIANCE.NS
2026-03-04,1345.0,RELIANCE.NS
2026-03-05,1389.4000244140625,RELIANCE.NS
2026-03-06,1404.800048828125,RELIANCE.NS
2026-03-09,1424.0,RELIANCE.NS
2026-03-10,1408.800048828125,RELIANCE.NS
2026-03-11,1390.199951171875,RELIANCE.NS
2026-03-12,1392.199951171875,RELIANCE.NS
2026-03-13,1380.699951171875,RELIANCE.NS
2026-03-16,1395.0999755859375,RELIANCE.NS
2026-03-17,1397.5999755859375,RELIANCE.NS
2026-03-18,1408.0999755859375,RELIANCE.NS
2026-03-19,1384.800048828125,RELIANCE.NS
2026-03-20,1414.4000244140625,RELIANCE.NS
2026-03-23,1407.800048828125,RELIANCE.NS
2026-03-24,1411.800048828125,RELIANCE.NS
2026-03-25,1413.0999755859375,RELIANCE.NS
2026-03-27,1348.0999755859375,RELIANCE.NS
2026-03-30,1343.9000244140625,RELIANCE.NS
2026-04-01,1369.199951171875,RELIANCE.NS
2026-04-02,1350.5,RELIANCE.NS
2026-04-06,1304.699951171875,RELIANCE.NS
2026-04-07,1304.5999755859375,RELIANCE.NS
2026-04-08,1347.800048828125,RELIANCE.NS
2026-04-09,1330.0,RELIANCE.NS
2026-04-10,1350.199951171875,RELIANCE.NS
2026-04-13,1315.0999755859375,RELIANCE.NS
2026-04-15,1344.0999755859375,RELIANCE.NS
2026-04-16,1343.300048828125,RELIANCE.NS
2026-04-17,1365.0,RELIANCE.NS
2026-04-20,1363.300048828125,RELIANCE.NS
2026-04-21,1353.300048828125,RELIANCE.NS
2026-04-22,1362.0999755859375,RELIANCE.NS
2026-04-23,1343.4000244140625,RELIANCE.NS
2026-04-24,1327.800048828125,RELIANCE.NS
2026-04-27,1365.800048828125,RELIANCE.NS
2026-04-28,1388.9000244140625,RELIANCE.NS
2026-04-29,1425.4000244140625,RELIANCE.NS
2026-04-30,1430.800048828125,RELIANCE.NS
2026-05-01,1430.800048828125,RELIANCE.NS
2026-05-04,1463.0999755859375,RELIANCE.NS
2026-05-05,1463.5999755859375,RELIANCE.NS
2026-05-06,1449.9000244140625,RELIANCE.NS
2024-05-06,1127.813720703125,ICICIBANK.NS
2024-05-07,1113.6458740234375,ICICIBANK.NS
2024-05-08,1104.889404296875,ICICIBANK.NS
2024-05-09,1097.7071533203125,ICICIBANK.NS
2024-05-10,1099.035400390625,ICICIBANK.NS
2024-05-13,1109.808837890625,ICICIBANK.NS
2024-05-14,1102.47900390625,ICICIBANK.NS
2024-05-15,1106.2176513671875,ICICIBANK.NS
2024-05-16,1112.8095703125,ICICIBANK.NS
2024-05-17,1112.2684326171875,ICICIBANK.NS
2024-05-21,1102.8724365234375,ICICIBANK.NS
2024-05-22,1093.1812744140625,ICICIBANK.NS
2024-05-23,1116.2039794921875,ICICIBANK.NS
2024-05-24,1113.6949462890625,ICICIBANK.NS
2024-05-27,1111.579833984375,ICICIBANK.NS
2024-05-28,1108.775634765625,ICICIBANK.NS
2024-05-29,1084.2281494140625,ICICIBANK.NS
2024-05-30,1095.7393798828125,ICICIBANK.NS
2024-05-31,1102.970947265625,ICICIBANK.NS
2024-06-03,1141.292724609375,ICICIBANK.NS
2024-06-04,1054.1707763671875,ICICIBANK.NS
2024-06-05,1090.7708740234375,ICICIBANK.NS
2024-06-06,1092.4925537109375,ICICIBANK.NS
2024-06-07,1103.6103515625,ICICIBANK.NS
2024-06-10,1105.676513671875,ICICIBANK.NS
2024-06-11,1100.166748046875,ICICIBANK.NS
2024-06-12,1101.4951171875,ICICIBANK.NS
2024-06-13,1089.4918212890625,ICICIBANK.NS
2024-06-14,1087.8192138671875,ICICIBANK.NS
2024-06-18,1104.7418212890625,ICICIBANK.NS
2024-06-19,1125.993408203125,ICICIBANK.NS
2024-06-20,1138.1444091796875,ICICIBANK.NS
2024-06-21,1139.964599609375,ICICIBANK.NS
2024-06-24,1151.2298583984375,ICICIBANK.NS
2024-06-25,1178.6307373046875,ICICIBANK.NS
2024-06-26,1198.357421875,ICICIBANK.NS
2024-06-27,1200.226806640625,ICICIBANK.NS
2024-06-28,1180.2540283203125,ICICIBANK.NS
2024-07-01,1192.3065185546875,ICICIBANK.NS
2024-07-02,1171.3992919921875,ICICIBANK.NS
2024-07-03,1182.2218017578125,ICICIBANK.NS
2024-07-04,1213.115478515625,ICICIBANK.NS
2024-07-05,1213.509033203125,ICICIBANK.NS
2024-07-08,1215.1324462890625,ICICIBANK.NS
2024-07-09,1228.1195068359375,ICICIBANK.NS
2024-07-10,1223.1510009765625,ICICIBANK.NS
2024-07-11,1218.4775390625,ICICIBANK.NS
2024-07-12,1213.01708984375,ICICIBANK.NS
2024-07-15,1210.1146240234375,ICICIBANK.NS
2024-07-16,1219.9041748046875,ICICIBANK.NS
2024-07-18,1230.136474609375,ICICIBANK.NS
2024-07-19,1228.51318359375,ICICIBANK.NS
2024-07-22,1221.134033203125,ICICIBANK.NS
2024-07-23,1206.96630859375,ICICIBANK.NS
2024-07-24,1203.2767333984375,ICICIBANK.NS
2024-07-25,1178.58154296875,ICICIBANK.NS
2024-07-26,1187.7314453125,ICICIBANK.NS
2024-07-29,1193.1427001953125,ICICIBANK.NS
2024-07-30,1189.9451904296875,ICICIBANK.NS
2024-07-31,1195.3074951171875,ICICIBANK.NS
2024-08-01,1190.584716796875,ICICIBANK.NS
2024-08-02,1177.25341796875,ICICIBANK.NS
2024-08-05,1153.689453125,ICICIBANK.NS
2024-08-06,1148.0322265625,ICICIBANK.NS
2024-08-07,1153.5419921875,ICICIBANK.NS
2024-08-08,1145.818603515625,ICICIBANK.NS
2024-08-09,1152.70556640625,ICICIBANK.NS
2024-08-12,1163.8199462890625,ICICIBANK.NS
2024-08-13,1159.4039306640625,ICICIBANK.NS
2024-08-14,1152.7552490234375,ICICIBANK.NS
2024-08-16,1178.1591796875,ICICIBANK.NS
2024-08-19,1166.8961181640625,ICICIBANK.NS
2024-08-20,1170.4189453125,ICICIBANK.NS
2024-08-21,1165.8541259765625,ICICIBANK.NS
2024-08-22,1181.979736328125,ICICIBANK.NS
2024-08-23,1194.2847900390625,ICICIBANK.NS
2024-08-26,1204.009765625,ICICIBANK.NS
2024-08-27,1216.9598388671875,ICICIBANK.NS
2024-08-28,1214.47900390625,ICICIBANK.NS
2024-08-29,1212.5439453125,ICICIBANK.NS
2024-08-30,1219.7879638671875,ICICIBANK.NS
2024-09-02,1220.5322265625,ICICIBANK.NS
2024-09-03,1238.1463623046875,ICICIBANK.NS
2024-09-04,1226.88330078125,ICICIBANK.NS
2024-09-05,1226.486328125,ICICIBANK.NS
2024-09-06,1198.899169921875,ICICIBANK.NS
2024-09-09,1225.5435791015625,ICICIBANK.NS
2024-09-10,1227.8260498046875,ICICIBANK.NS
2024-09-11,1226.88330078125,ICICIBANK.NS
2024-09-12,1242.5623779296875,ICICIBANK.NS
2024-09-13,1240.7760009765625,ICICIBANK.NS
2024-09-16,1253.1802978515625,ICICIBANK.NS
2024-09-17,1258.39013671875,ICICIBANK.NS
2024-09-18,1278.485107421875,ICICIBANK.NS
2024-09-19,1282.107177734375,ICICIBANK.NS
2024-09-20,1328.201416015625,ICICIBANK.NS
2024-09-23,1311.7781982421875,ICICIBANK.NS
2024-09-24,1308.50341796875,ICICIBANK.NS
2024-09-25,1313.7132568359375,ICICIBANK.NS
2024-09-26,1318.87353515625,ICICIBANK.NS
2024-09-27,1296.5953369140625,ICICIBANK.NS
2024-09-30,1263.252685546875,ICICIBANK.NS
2024-10-01,1264.6419677734375,ICICIBANK.NS
2024-10-03,1246.7301025390625,ICICIBANK.NS
2024-10-04,1230.2572021484375,ICICIBANK.NS
2024-10-07,1224.4520263671875,ICICIBANK.NS
2024-10-08,1227.13134765625,ICICIBANK.NS
2024-10-09,1234.62353515625,ICICIBANK.NS
2024-10-10,1233.978515625,ICICIBANK.NS
2024-10-11,1213.635498046875,ICICIBANK.NS
2024-10-14,1222.3184814453125,ICICIBANK.NS
2024-10-15,1245.8865966796875,ICICIBANK.NS
2024-10-16,1233.6312255859375,ICICIBANK.NS
2024-10-17,1221.8223876953125,ICICIBANK.NS
2024-10-18,1254.8177490234375,ICICIBANK.NS
2024-10-21,1249.4095458984375,ICICIBANK.NS
2024-10-22,1257.7947998046875,ICICIBANK.NS
2024-10-23,1242.0164794921875,ICICIBANK.NS
2024-10-24,1243.15771484375,ICICIBANK.NS
2024-10-25,1245.8370361328125,ICICIBANK.NS
2024-10-28,1282.95068359375,ICICIBANK.NS
2024-10-29,1321.6519775390625,ICICIBANK.NS
2024-10-30,1302.1029052734375,ICICIBANK.NS
2024-10-31,1282.355224609375,ICICIBANK.NS
2024-11-01,1281.90869140625,ICICIBANK.NS
2024-11-04,1267.42041015625,ICICIBANK.NS
2024-11-05,1286.7711181640625,ICICIBANK.NS
2024-11-06,1292.3779296875,ICICIBANK.NS
2024-11-07,1268.908935546875,ICICIBANK.NS
2024-11-08,1249.2109375,ICICIBANK.NS
2024-11-11,1259.5810546875,ICICIBANK.NS
2024-11-12,1260.8709716796875,ICICIBANK.NS
2024-11-13,1244.100341796875,ICICIBANK.NS
2024-11-14,1247.325439453125,ICICIBANK.NS
2024-11-18,1243.852294921875,ICICIBANK.NS
2024-11-19,1239.53564453125,ICICIBANK.NS
2024-11-21,1240.974609375,ICICIBANK.NS
2024-11-22,1268.2640380859375,ICICIBANK.NS
2024-11-25,1290.9886474609375,ICICIBANK.NS
2024-11-26,1294.9580078125,ICICIBANK.NS
2024-11-27,1290.740478515625,ICICIBANK.NS
2024-11-28,1276.5003662109375,ICICIBANK.NS
2024-11-29,1290.1451416015625,ICICIBANK.NS
2024-12-02,1294.6602783203125,ICICIBANK.NS
2024-12-03,1298.381591796875,ICICIBANK.NS
2024-12-04,1305.9730224609375,ICICIBANK.NS
2024-12-05,1326.2664794921875,ICICIBANK.NS
2024-12-06,1318.5758056640625,ICICIBANK.NS
2024-12-09,1312.1751708984375,ICICIBANK.NS
2024-12-10,1320.2626953125,ICICIBANK.NS
2024-12-11,1317.3353271484375,ICICIBANK.NS
2024-12-12,1319.0718994140625,ICICIBANK.NS
2024-12-13,1334.6021728515625,ICICIBANK.NS
2024-12-16,1335.7928466796875,ICICIBANK.NS
2024-12-17,1323.5374755859375,ICICIBANK.NS
2024-12-18,1304.087646484375,ICICIBANK.NS
2024-12-19,1277.0462646484375,ICICIBANK.NS
2024-12-20,1278.5347900390625,ICICIBANK.NS
2024-12-23,1286.8704833984375,ICICIBANK.NS
2024-12-24,1287.3170166015625,ICICIBANK.NS
2024-12-26,1287.4161376953125,ICICIBANK.NS
2024-12-27,1297.5382080078125,ICICIBANK.NS
2024-12-30,1284.7369384765625,ICICIBANK.NS
2024-12-31,1271.83642578125,ICICIBANK.NS
2025-01-01,1273.8211669921875,ICICIBANK.NS
2025-01-02,1280.7178955078125,ICICIBANK.NS
2025-01-03,1255.363525390625,ICICIBANK.NS
2025-01-06,1254.4207763671875,ICICIBANK.NS
2025-01-07,1269.454833984375,ICICIBANK.NS
2025-01-08,1254.073486328125,ICICIBANK.NS
2025-01-09,1252.73388671875,ICICIBANK.NS
2025-01-10,1240.2799072265625,ICICIBANK.NS
2025-01-13,1220.3338623046875,ICICIBANK.NS
2025-01-14,1230.8031005859375,ICICIBANK.NS
2025-01-15,1228.7686767578125,ICICIBANK.NS
2025-01-16,1239.53564453125,ICICIBANK.NS
2025-01-17,1216.066650390625,ICICIBANK.NS
2025-01-20,1223.50927734375,ICICIBANK.NS
2025-01-21,1186.9910888671875,ICICIBANK.NS
2025-01-22,1191.258056640625,ICICIBANK.NS
2025-01-23,1192.5482177734375,ICICIBANK.NS
2025-01-24,1199.941162109375,ICICIBANK.NS
2025-01-27,1218.547607421875,ICICIBANK.NS
2025-01-28,1237.3525390625,ICICIBANK.NS
2025-01-29,1242.066162109375,ICICIBANK.NS
2025-01-30,1245.98583984375,ICICIBANK.NS
2025-01-31,1243.2073974609375,ICICIBANK.NS
2025-02-01,1245.936279296875,ICICIBANK.NS
2025-02-03,1243.40576171875,ICICIBANK.NS
2025-02-04,1258.4893798828125,ICICIBANK.NS
2025-02-05,1257.9931640625,ICICIBANK.NS
2025-02-06,1262.6572265625,ICICIBANK.NS
2025-02-07,1247.2760009765625,ICICIBANK.NS
2025-02-10,1252.9322509765625,ICICIBANK.NS
2025-02-11,1243.15771484375,ICICIBANK.NS
2025-02-12,1242.2149658203125,ICICIBANK.NS
2025-02-13,1239.337158203125,ICICIBANK.NS
2025-02-14,1250.451416015625,ICICIBANK.NS
2025-02-17,1241.5699462890625,ICICIBANK.NS
2025-02-18,1233.531982421875,ICICIBANK.NS
2025-02-19,1251.9896240234375,ICICIBANK.NS
2025-02-20,1240.379150390625,ICICIBANK.NS
2025-02-21,1223.50927734375,ICICIBANK.NS
2025-02-24,1209.0211181640625,ICICIBANK.NS
2025-02-25,1214.7767333984375,ICICIBANK.NS
2025-02-27,1213.0897216796875,ICICIBANK.NS
2025-02-28,1194.8802490234375,ICICIBANK.NS
2025-03-03,1196.964111328125,ICICIBANK.NS
2025-03-04,1201.1319580078125,ICICIBANK.NS
2025-03-05,1206.391357421875,ICICIBANK.NS
2025-03-06,1208.7235107421875,ICICIBANK.NS
2025-03-07,1205.250244140625,ICICIBANK.NS
2025-03-10,1205.5478515625,ICICIBANK.NS
2025-03-11,1235.864013671875,ICICIBANK.NS
2025-03-12,1234.425048828125,ICICIBANK.NS
2025-03-13,1240.4783935546875,ICICIBANK.NS
2025-03-17,1259.2833251953125,ICICIBANK.NS
2025-03-18,1259.2833251953125,ICICIBANK.NS
2025-03-19,1303.0455322265625,ICICIBANK.NS
2025-03-20,1311.5797119140625,ICICIBANK.NS
2025-03-21,1332.81591796875,ICICIBANK.NS
2025-03-24,1347.750732421875,ICICIBANK.NS
2025-03-25,1333.4112548828125,ICICIBANK.NS
2025-03-26,1325.6710205078125,ICICIBANK.NS
2025-03-27,1326.415283203125,ICICIBANK.NS
2025-03-28,1338.025634765625,ICICIBANK.NS
2025-04-01,1308.3546142578125,ICICIBANK.NS
2025-04-02,1321.056640625,ICICIBANK.NS
2025-04-03,1319.3697509765625,ICICIBANK.NS
2025-04-04,1325.07568359375,ICICIBANK.NS
2025-04-07,1277.6912841796875,ICICIBANK.NS
2025-04-08,1289.9466552734375,ICICIBANK.NS
2025-04-09,1290.83984375,ICICIBANK.NS
2025-04-11,1301.606689453125,ICICIBANK.NS
2025-04-15,1339.8614501953125,ICICIBANK.NS
2025-04-16,1346.0140380859375,ICICIBANK.NS
2025-04-17,1395.9288330078125,ICICIBANK.NS
2025-04-21,1399.0052490234375,ICICIBANK.NS
2025-04-22,1405.6539306640625,ICICIBANK.NS
2025-04-23,1413.493408203125,ICICIBANK.NS
2025-04-24,1391.95947265625,ICICIBANK.NS
2025-04-25,1394.04345703125,ICICIBANK.NS
2025-04-28,1417.8597412109375,ICICIBANK.NS
2025-04-29,1418.85205078125,ICICIBANK.NS
2025-04-30,1416.073486328125,ICICIBANK.NS
2025-05-02,1419.149658203125,ICICIBANK.NS
2025-05-05,1418.455078125,ICICIBANK.NS
2025-05-06,1420.63818359375,ICICIBANK.NS
2025-05-07,1424.4091796875,ICICIBANK.NS
2025-05-08,1424.5084228515625,ICICIBANK.NS
2025-05-09,1378.2652587890625,ICICIBANK.NS
2025-05-12,1437.4088134765625,ICICIBANK.NS
2025-05-13,1419.6458740234375,ICICIBANK.NS
2025-05-14,1415.279541015625,ICICIBANK.NS
2025-05-15,1439.6912841796875,ICICIBANK.NS
2025-05-16,1442.86669921875,ICICIBANK.NS
2025-05-19,1437.905029296875,ICICIBANK.NS
2025-05-20,1427.1876220703125,ICICIBANK.NS
2025-05-21,1433.637939453125,ICICIBANK.NS
2025-05-22,1431.057861328125,ICICIBANK.NS
2025-05-23,1438.698974609375,ICICIBANK.NS
2025-05-26,1449.4161376953125,ICICIBANK.NS
2025-05-27,1435.324951171875,ICICIBANK.NS
2025-05-28,1442.6683349609375,ICICIBANK.NS
2025-05-29,1445.3475341796875,ICICIBANK.NS
2025-05-30,1434.7296142578125,ICICIBANK.NS
2025-06-02,1439.3935546875,ICICIBANK.NS
2025-06-03,1426.8900146484375,ICICIBANK.NS
2025-06-04,1420.0428466796875,ICICIBANK.NS
2025-06-05,1443.66064453125,ICICIBANK.NS
2025-06-06,1448.5230712890625,ICICIBANK.NS
2025-06-09,1423.8138427734375,ICICIBANK.NS
2025-06-10,1412.0048828125,ICICIBANK.NS
2025-06-11,1420.0428466796875,ICICIBANK.NS
2025-06-12,1414.2872314453125,ICICIBANK.NS
2025-06-13,1405.2569580078125,ICICIBANK.NS
2025-06-16,1415.9742431640625,ICICIBANK.NS
2025-06-17,1412.302490234375,ICICIBANK.NS
2025-06-18,1401.78369140625,ICICIBANK.NS
2025-06-19,1400.4937744140625,ICICIBANK.NS
2025-06-20,1416.1727294921875,ICICIBANK.NS
2025-06-23,1409.226318359375,ICICIBANK.NS
2025-06-24,1413.1956787109375,ICICIBANK.NS
2025-06-25,1414.8826904296875,ICICIBANK.NS
2025-06-26,1428.080810546875,ICICIBANK.NS
2025-06-27,1451.00390625,ICICIBANK.NS
2025-06-30,1434.7296142578125,ICICIBANK.NS
2025-07-01,1421.03515625,ICICIBANK.NS
2025-07-02,1416.867431640625,ICICIBANK.NS
2025-07-03,1414.98193359375,ICICIBANK.NS
2025-07-04,1431.7525634765625,ICICIBANK.NS
2025-07-07,1424.706787109375,ICICIBANK.NS
2025-07-08,1430.9586181640625,ICICIBANK.NS
2025-07-09,1420.93603515625,ICICIBANK.NS
2025-07-10,1413.1956787109375,ICICIBANK.NS
2025-07-11,1411.0125732421875,ICICIBANK.NS
2025-07-14,1412.1041259765625,ICICIBANK.NS
2025-07-15,1419.844482421875,ICICIBANK.NS
2025-07-16,1415.4781494140625,ICICIBANK.NS
2025-07-17,1407.8370361328125,ICICIBANK.NS
2025-07-18,1414.8826904296875,ICICIBANK.NS
2025-07-21,1454.576416015625,ICICIBANK.NS
2025-07-22,1462.316650390625,ICICIBANK.NS
2025-07-23,1477.2017822265625,ICICIBANK.NS
2025-07-24,1472.0416259765625,ICICIBANK.NS
2025-07-25,1465.789794921875,ICICIBANK.NS
2025-07-28,1477.00341796875,ICICIBANK.NS
2025-07-29,1474.8201904296875,ICICIBANK.NS
2025-07-30,1471.04931640625,ICICIBANK.NS
2025-07-31,1470.0570068359375,ICICIBANK.NS
2025-08-01,1460.3319091796875,ICICIBANK.NS
2025-08-04,1451.9962158203125,ICICIBANK.NS
2025-08-05,1433.3402099609375,ICICIBANK.NS
2025-08-06,1432.54638671875,ICICIBANK.NS
2025-08-07,1429.271728515625,ICICIBANK.NS
2025-08-08,1424.9053955078125,ICICIBANK.NS
2025-08-11,1425.5999755859375,ICICIBANK.NS
2025-08-12,1422.0,ICICIBANK.NS
2025-08-13,1420.800048828125,ICICIBANK.NS
2025-08-14,1427.300048828125,ICICIBANK.NS
2025-08-18,1434.5999755859375,ICICIBANK.NS
2025-08-19,1436.300048828125,ICICIBANK.NS
2025-08-20,1430.5999755859375,ICICIBANK.NS
2025-08-21,1446.0,ICICIBANK.NS
2025-08-22,1436.4000244140625,ICICIBANK.NS
2025-08-25,1433.199951171875,ICICIBANK.NS
2025-08-26,1416.5999755859375,ICICIBANK.NS
2025-08-28,1399.0999755859375,ICICIBANK.NS
2025-08-29,1397.800048828125,ICICIBANK.NS
2025-09-01,1411.0,ICICIBANK.NS
2025-09-02,1394.199951171875,ICICIBANK.NS
2025-09-03,1397.0,ICICIBANK.NS
2025-09-04,1405.5,ICICIBANK.NS
2025-09-05,1402.800048828125,ICICIBANK.NS
2025-09-08,1402.699951171875,ICICIBANK.NS
2025-09-09,1403.699951171875,ICICIBANK.NS
2025-09-10,1403.9000244140625,ICICIBANK.NS
2025-09-11,1401.5999755859375,ICICIBANK.NS
2025-09-12,1417.699951171875,ICICIBANK.NS
2025-09-15,1419.4000244140625,ICICIBANK.NS
2025-09-16,1421.5999755859375,ICICIBANK.NS
2025-09-17,1419.199951171875,ICICIBANK.NS
2025-09-18,1421.699951171875,ICICIBANK.NS
2025-09-19,1402.199951171875,ICICIBANK.NS
2025-09-22,1401.5,ICICIBANK.NS
2025-09-23,1394.300048828125,ICICIBANK.NS
2025-09-24,1382.699951171875,ICICIBANK.NS
2025-09-25,1375.800048828125,ICICIBANK.NS
2025-09-26,1359.5999755859375,ICICIBANK.NS
2025-09-29,1348.0999755859375,ICICIBANK.NS
2025-09-30,1348.0,ICICIBANK.NS
2025-10-01,1372.0,ICICIBANK.NS
2025-10-03,1365.199951171875,ICICIBANK.NS
2025-10-06,1363.4000244140625,ICICIBANK.NS
2025-10-07,1375.9000244140625,ICICIBANK.NS
2025-10-08,1370.300048828125,ICICIBANK.NS
2025-10-09,1376.199951171875,ICICIBANK.NS
2025-10-10,1380.300048828125,ICICIBANK.NS
2025-10-13,1379.4000244140625,ICICIBANK.NS
2025-10-14,1384.0999755859375,ICICIBANK.NS
2025-10-15,1398.4000244140625,ICICIBANK.NS
2025-10-16,1417.300048828125,ICICIBANK.NS
2025-10-17,1436.5999755859375,ICICIBANK.NS
2025-10-20,1390.300048828125,ICICIBANK.NS
2025-10-21,1382.0,ICICIBANK.NS
2025-10-23,1363.699951171875,ICICIBANK.NS
2025-10-24,1377.699951171875,ICICIBANK.NS
2025-10-27,1377.5999755859375,ICICIBANK.NS
2025-10-28,1363.0999755859375,ICICIBANK.NS
2025-10-29,1370.4000244140625,ICICIBANK.NS
2025-10-30,1362.4000244140625,ICICIBANK.NS
2025-10-31,1345.300048828125,ICICIBANK.NS
2025-11-03,1346.4000244140625,ICICIBANK.NS
2025-11-04,1336.9000244140625,ICICIBANK.NS
2025-11-06,1320.4000244140625,ICICIBANK.NS
2025-11-07,1343.0,ICICIBANK.NS
2025-11-10,1348.0,ICICIBANK.NS
2025-11-11,1358.300048828125,ICICIBANK.NS
2025-11-12,1358.9000244140625,ICICIBANK.NS
2025-11-13,1385.9000244140625,ICICIBANK.NS
2025-11-14,1373.0,ICICIBANK.NS
2025-11-17,1379.0,ICICIBANK.NS
2025-11-18,1373.4000244140625,ICICIBANK.NS
2025-11-19,1383.0999755859375,ICICIBANK.NS
2025-11-20,1383.0,ICICIBANK.NS
2025-11-21,1369.5,ICICIBANK.NS
2025-11-24,1368.4000244140625,ICICIBANK.NS
2025-11-25,1357.800048828125,ICICIBANK.NS
2025-11-26,1375.0,ICICIBANK.NS
2025-11-27,1392.199951171875,ICICIBANK.NS
2025-11-28,1388.800048828125,ICICIBANK.NS
2025-12-01,1390.0999755859375,ICICIBANK.NS
2025-12-02,1373.0,ICICIBANK.NS
2025-12-03,1391.5,ICICIBANK.NS
2025-12-04,1386.699951171875,ICICIBANK.NS
2025-12-05,1392.5,ICICIBANK.NS
2025-12-08,1389.5999755859375,ICICIBANK.NS
2025-12-09,1375.199951171875,ICICIBANK.NS
2025-12-10,1363.5999755859375,ICICIBANK.NS
2025-12-11,1360.0,ICICIBANK.NS
2025-12-12,1366.0,ICICIBANK.NS
2025-12-15,1365.199951171875,ICICIBANK.NS
2025-12-16,1366.0,ICICIBANK.NS
2025-12-17,1352.4000244140625,ICICIBANK.NS
2025-12-18,1356.800048828125,ICICIBANK.NS
2025-12-19,1354.0999755859375,ICICIBANK.NS
2025-12-22,1368.5,ICICIBANK.NS
2025-12-23,1363.0,ICICIBANK.NS
2025-12-24,1359.800048828125,ICICIBANK.NS
2025-12-26,1350.4000244140625,ICICIBANK.NS
2025-12-29,1343.300048828125,ICICIBANK.NS
2025-12-30,1342.5,ICICIBANK.NS
2025-12-31,1342.9000244140625,ICICIBANK.NS
2026-01-01,1338.0,ICICIBANK.NS
2026-01-02,1355.4000244140625,ICICIBANK.NS
2026-01-05,1371.5,ICICIBANK.NS
2026-01-06,1411.199951171875,ICICIBANK.NS
2026-01-07,1427.699951171875,ICICIBANK.NS
2026-01-08,1435.0,ICICIBANK.NS
2026-01-09,1404.300048828125,ICICIBANK.NS
2026-01-12,1413.0999755859375,ICICIBANK.NS
2026-01-13,1437.0,ICICIBANK.NS
2026-01-14,1418.4000244140625,ICICIBANK.NS
2026-01-15,1418.4000244140625,ICICIBANK.NS
2026-01-16,1410.800048828125,ICICIBANK.NS
2026-01-19,1380.5999755859375,ICICIBANK.NS
2026-01-20,1375.800048828125,ICICIBANK.NS
2026-01-21,1349.0,ICICIBANK.NS
2026-01-22,1345.5,ICICIBANK.NS
2026-01-23,1343.4000244140625,ICICIBANK.NS
2026-01-27,1361.4000244140625,ICICIBANK.NS
2026-01-28,1367.699951171875,ICICIBANK.NS
2026-01-29,1383.5999755859375,ICICIBANK.NS
2026-01-30,1355.0,ICICIBANK.NS
2026-02-02,1352.800048828125,ICICIBANK.NS
2026-02-03,1389.699951171875,ICICIBANK.NS
2026-02-04,1408.4000244140625,ICICIBANK.NS
2026-02-05,1396.5,ICICIBANK.NS
2026-02-06,1406.0999755859375,ICICIBANK.NS
2026-02-09,1396.300048828125,ICICIBANK.NS
2026-02-10,1406.5,ICICIBANK.NS
2026-02-11,1406.0999755859375,ICICIBANK.NS
2026-02-12,1430.0,ICICIBANK.NS
2026-02-13,1414.5999755859375,ICICIBANK.NS
2026-02-16,1411.5999755859375,ICICIBANK.NS
2026-02-17,1407.5,ICICIBANK.NS
2026-02-18,1408.199951171875,ICICIBANK.NS
2026-02-19,1388.800048828125,ICICIBANK.NS
2026-02-20,1394.5,ICICIBANK.NS
2026-02-23,1399.4000244140625,ICICIBANK.NS
2026-02-24,1384.800048828125,ICICIBANK.NS
2026-02-25,1400.5,ICICIBANK.NS
2026-02-26,1404.9000244140625,ICICIBANK.NS
2026-02-27,1378.9000244140625,ICICIBANK.NS
2026-03-02,1374.0,ICICIBANK.NS
2026-03-04,1365.4000244140625,ICICIBANK.NS
2026-03-05,1357.5999755859375,ICICIBANK.NS
2026-03-06,1313.4000244140625,ICICIBANK.NS
2026-03-09,1278.4000244140625,ICICIBANK.NS
2026-03-10,1311.9000244140625,ICICIBANK.NS
2026-03-11,1294.5999755859375,ICICIBANK.NS
2026-03-12,1266.5,ICICIBANK.NS
2026-03-13,1254.800048828125,ICICIBANK.NS
2026-03-16,1272.9000244140625,ICICIBANK.NS
2026-03-17,1288.699951171875,ICICIBANK.NS
2026-03-18,1289.300048828125,ICICIBANK.NS
2026-03-19,1250.0999755859375,ICICIBANK.NS
2026-03-20,1245.4000244140625,ICICIBANK.NS
2026-03-23,1222.699951171875,ICICIBANK.NS
2026-03-24,1251.199951171875,ICICIBANK.NS
2026-03-25,1259.699951171875,ICICIBANK.NS
2026-03-27,1233.800048828125,ICICIBANK.NS
2026-03-30,1205.9000244140625,ICICIBANK.NS
2026-04-01,1212.699951171875,ICICIBANK.NS
2026-04-02,1215.800048828125,ICICIBANK.NS
2026-04-06,1231.4000244140625,ICICIBANK.NS
2026-04-07,1245.5,ICICIBANK.NS
2026-04-08,1309.199951171875,ICICIBANK.NS
2026-04-09,1281.300048828125,ICICIBANK.NS
2026-04-10,1321.9000244140625,ICICIBANK.NS
2026-04-13,1351.0999755859375,ICICIBANK.NS
2026-04-15,1348.0999755859375,ICICIBANK.NS
2026-04-16,1345.5,ICICIBANK.NS
2026-04-17,1346.800048828125,ICICIBANK.NS
2026-04-20,1356.199951171875,ICICIBANK.NS
2026-04-21,1388.4000244140625,ICICIBANK.NS
2026-04-22,1367.5999755859375,ICICIBANK.NS
2026-04-23,1348.0,ICICIBANK.NS
2026-04-24,1326.199951171875,ICICIBANK.NS
2026-04-27,1314.0999755859375,ICICIBANK.NS
2026-04-28,1292.0,ICICIBANK.NS
2026-04-29,1281.0,ICICIBANK.NS
2026-04-30,1263.4000244140625,ICICIBANK.NS
2026-05-01,1263.4000244140625,ICICIBANK.NS
2026-05-04,1270.800048828125,ICICIBANK.NS
2026-05-05,1251.300048828125,ICICIBANK.NS
2026-05-06,1260.699951171875,ICICIBANK.NS
